idx,gold,pred,conf
0,c5,c234,0.45
1,c1,c5,0.35
2,c1,c234,0.24
3,c234,c234,0.69
4,c234,c234,0.6
5,c1,c5,0.62
6,c234,c234,0.16
7,c234,c1,0.18
8,c1,c1,0.15
9,c234,c5,0.5
10,c234,c234,0.45
11,c234,c5,0.39
12,c1,c5,0.7
13,c234,c234,0.68
14,c234,c1,0.56
15,c5,c5,0.52
16,c234,c234,0.28
17,c1,c234,0.55
18,c1,c5,0.23
19,c1,c234,0.48
20,c1,c5,0.35
21,c1,c234,0.4
22,c234,c5,0.69
23,c5,c5,0.68
24,c234,c5,0.36
25,c1,c234,0.58
26,c5,c5,0.65
27,c1,c5,0.54
28,c1,c234,0.25
29,c1,c1,0.69
30,c1,c1,0.33
31,c5,c234,0.45
32,c5,c234,0.55
33,c1,c5,0.27
34,c5,c5,0.79
35,c5,c5,0.78
36,c5,c1,0.24
37,c5,c5,0.34
38,c5,c1,0.22
39,c5,c234,0.04
40,c234,c5,0.71
41,c5,c234,0.42
42,c234,c5,0.66
43,c5,c5,0.65
44,c234,c5,0.4
45,c5,c5,0.34
46,c1,c1,0.66
47,c5,c234,0.24
48,c5,c5,0.37
49,c234,c234,0.26
50,c234,c5,0.18
51,c234,c1,0.92
52,c5,c5,0.41
53,c234,c234,0.63
54,c5,c1,0.4
55,c1,c234,0.62
56,c5,c5,0.45
57,c1,c234,0.3
58,c234,c234,0.24
59,c1,c1,0.28
60,c5,c234,0.43
61,c5,c234,0.19
62,c1,c5,0.34
63,c234,c234,0.32
64,c1,c234,0.46
65,c234,c5,0.44
66,c1,c5,0.56
67,c1,c5,0.56
68,c234,c234,0.34
69,c234,c234,0.35
70,c5,c234,0.11
71,c1,c234,0.73
72,c234,c234,0.68
73,c1,c234,0.56
74,c234,c5,0.94
75,c234,c234,0.5
76,c234,c234,0.22
77,c234,c234,0.54
78,c234,c5,0.43
79,c234,c5,0.59
80,c1,c234,0.52
81,c1,c234,0.47
82,c234,c234,0.21
83,c234,c234,0.77
84,c234,c234,0.24
85,c5,c5,0.63
86,c1,c5,0.49
87,c1,c234,0.29
88,c5,c234,0.5
89,c1,c5,0.84
90,c5,c234,0.55
91,c1,c234,0.67
92,c1,c1,0.41
93,c1,c234,0.56
94,c1,c234,0.52
95,c1,c5,0.78
96,c234,c5,0.25
97,c5,c5,0.57
98,c5,c234,0.29
99,c5,c234,0.38
100,c234,c234,0.63
101,c234,c1,0.34
102,c234,c234,0.58
103,c5,c5,0.43
104,c234,c5,0.35
105,c1,c234,0.46
106,c1,c234,0.58
107,c234,c234,0.46
108,c5,c234,0.4
109,c234,c5,0.55
110,c5,c5,0.75
111,c5,c5,0.38
112,c234,c234,0.5
113,c5,c234,0.24
114,c1,c5,0.26
115,c234,c5,0.54
116,c5,c234,0.76
117,c1,c234,0.32
118,c5,c234,0.39
119,c234,c5,0.33
120,c5,c5,0.63
121,c1,c5,0.61
122,c234,c234,0.48
123,c234,c234,0.31
124,c1,c234,0.3
125,c5,c5,0.95
126,c234,c1,0.2
127,c5,c5,0.66
128,c234,c5,0.55
129,c1,c234,0.39
130,c234,c5,0.38
131,c5,c234,0.46
132,c234,c234,0.16
133,c234,c234,0.6
134,c1,c5,0.54
135,c1,c5,0.22
136,c1,c234,0.66
137,c234,c234,0.4
138,c5,c5,0.71
139,c234,c234,0.3
140,c234,c234,0.39
141,c5,c234,0.2
142,c234,c5,0.46
143,c5,c5,0.33
144,c1,c234,0.62
145,c1,c5,0.69
146,c1,c234,0.62
147,c5,c5,0.27
148,c1,c5,0.59
149,c234,c1,0.67
150,c234,c5,0.37
151,c234,c5,0.57
152,c1,c234,0.51
153,c5,c234,0.15
154,c5,c234,0.27
155,c234,c234,0.63
156,c5,c5,0.26
157,c5,c234,0.22
158,c1,c234,0.33
159,c5,c1,0.72
160,c5,c234,0.12
161,c234,c234,0.19
162,c1,c234,0.29
163,c234,c5,0.6
164,c1,c5,0.46
165,c234,c1,0.27
166,c1,c234,0.36
167,c1,c5,0.24
168,c5,c5,0.44
169,c1,c1,0.58
170,c5,c5,0.56
171,c234,c5,0.31
172,c5,c5,0.79
173,c234,c234,0.47
174,c1,c234,0.55
175,c1,c5,0.58
176,c5,c234,0.46
177,c5,c5,0.3
178,c1,c1,0.62
179,c234,c234,0.37
180,c234,c5,0.8
181,c1,c234,0.3
182,c1,c234,0.61
183,c234,c5,0.76
184,c234,c1,0.41
185,c5,c5,0.38
186,c234,c234,0.4
187,c5,c5,0.93
188,c234,c234,0.63
189,c234,c234,0.27
190,c1,c234,0.45
191,c5,c5,0.34
192,c234,c5,0.71
193,c234,c234,0.57
194,c234,c234,0.68
195,c234,c234,0.32
196,c1,c1,0.3
197,c1,c234,0.25
198,c234,c234,0.59
199,c234,c5,0.67
200,c234,c5,0.61
201,c5,c234,0.19
202,c5,c234,0.74
203,c5,c5,0.48
204,c1,c5,0.56
205,c234,c234,0.16
206,c1,c234,0.27
207,c5,c234,0.13
208,c5,c234,0.53
209,c5,c5,0.69
210,c5,c5,0.28
211,c1,c1,0.18
212,c1,c5,0.75
213,c1,c234,0.29
214,c1,c234,0.25
215,c1,c5,0.31
216,c1,c234,0.78
217,c234,c5,0.28
218,c5,c5,0.46
219,c234,c234,0.21
220,c5,c5,0.53
221,c5,c234,0.12
222,c5,c234,0.34
223,c5,c234,0.43
224,c5,c5,0.23
225,c234,c234,0.48
226,c234,c5,0.43
227,c1,c234,0.63
228,c1,c5,0.4
229,c1,c234,0.49
230,c234,c234,0.54
231,c1,c5,0.49
232,c1,c1,0.27
233,c234,c234,0.19
234,c234,c234,0.32
235,c234,c1,0.31
236,c234,c5,0.46
237,c234,c5,0.5
238,c234,c5,0.44
239,c5,c5,0.33
240,c234,c5,0.51
241,c1,c5,0.55
242,c5,c5,0.64
243,c5,c5,0.23
244,c234,c5,0.48
245,c5,c234,0.24
246,c1,c234,0.45
247,c1,c5,0.51
248,c1,c5,0.63
249,c5,c5,0.57
250,c5,c234,0.35
251,c5,c5,0.77
252,c234,c5,0.6
253,c234,c5,0.32
254,c234,c234,0.46
255,c5,c5,0.31
256,c5,c1,0.22
257,c234,c234,0.33
258,c5,c234,0.46
259,c5,c234,0.15
260,c5,c5,0.23
261,c1,c234,0.25
262,c5,c5,0.7
263,c5,c1,0.16
264,c234,c234,0.65
265,c234,c1,0.23
266,c234,c234,0.35
267,c5,c234,0.79
268,c5,c234,0.44
269,c1,c234,0.25
270,c234,c234,0.61
271,c1,c234,0.68
272,c1,c234,0.73
273,c5,c5,0.86
274,c234,c5,0.64
275,c5,c234,0.19
276,c234,c5,0.76
277,c5,c1,0.48
278,c5,c234,0.21
279,c234,c234,0.54
280,c5,c5,0.58
281,c5,c234,0.62
282,c1,c5,0.42
283,c5,c1,0.76
284,c5,c1,0.15
285,c5,c234,0.37
286,c234,c234,0.64
287,c1,c1,0.3
288,c1,c1,0.7
289,c234,c234,0.26
290,c1,c5,0.5
291,c234,c5,0.43
292,c234,c234,0.54
293,c5,c1,0.55
294,c5,c234,0.22
295,c1,c1,0.2
296,c1,c234,0.21
297,c5,c234,0.75
298,c234,c234,0.47
299,c1,c234,0.4
300,c1,c234,0.69
301,c234,c234,0.34
302,c234,c234,0.59
303,c5,c1,0.59
304,c5,c234,0.4
305,c234,c234,0.21
306,c234,c1,0.98
307,c5,c5,0.33
308,c1,c5,0.8
309,c1,c1,0.18
310,c1,c234,0.4
311,c5,c5,0.82
312,c234,c1,0.84
313,c1,c234,0.32
314,c234,c5,0.32
315,c5,c234,0.27
316,c5,c5,0.38
317,c5,c5,0.13
318,c234,c5,0.41
319,c234,c1,0.17
320,c5,c234,0.7
321,c5,c234,0.34
322,c5,c5,0.9
323,c234,c1,0.36
324,c5,c234,0.26
325,c1,c5,0.57
326,c1,c5,0.63
327,c5,c234,0.52
328,c1,c234,0.17
329,c5,c5,0.58
330,c1,c5,0.69
331,c1,c234,0.38
332,c1,c1,0.96
333,c5,c1,0.24
334,c234,c5,0.38
335,c1,c234,0.42
336,c5,c5,0.59
337,c5,c5,0.71
338,c234,c5,0.36
339,c1,c234,0.62
340,c1,c234,0.29
341,c5,c5,0.33
342,c5,c5,0.44
343,c234,c234,0.26
344,c5,c234,0.36
345,c234,c234,0.52
346,c5,c5,0.57
347,c5,c5,0.78
348,c5,c5,0.81
349,c5,c1,0.95
350,c5,c234,0.25
351,c234,c234,0.31
352,c1,c5,0.19
353,c1,c234,0.55
354,c1,c234,0.75
355,c5,c5,0.36
356,c5,c5,0.82
357,c1,c234,0.44
358,c234,c234,0.75
359,c234,c5,0.3
360,c5,c1,0.31
361,c234,c5,0.77
362,c1,c5,0.45
363,c234,c234,0.63
364,c234,c234,0.24
365,c1,c5,0.32
366,c1,c234,0.44
367,c1,c234,0.62
368,c5,c5,0.76
369,c5,c234,0.23
370,c5,c234,0.41
371,c5,c1,0.23
372,c234,c234,0.54
373,c5,c5,0.26
374,c234,c234,0.36
375,c1,c234,0.43
376,c1,c5,0.53
377,c1,c234,0.58
378,c5,c5,0.47
379,c5,c5,0.31
380,c5,c234,0.49
381,c1,c5,0.32
382,c5,c234,0.74
383,c1,c5,0.26
384,c5,c5,0.89
385,c234,c234,0.74
386,c5,c234,0.24
387,c5,c5,0.75
388,c5,c1,0.3
389,c234,c234,0.43
390,c5,c234,0.51
391,c5,c5,0.77
392,c1,c234,0.69
393,c234,c5,0.29
394,c1,c5,0.59
395,c5,c234,0.12
396,c234,c234,0.55
397,c1,c5,0.71
398,c5,c234,0.51
399,c234,c5,0.62
400,c1,c1,0.18
401,c234,c234,0.46
402,c234,c5,0.69
403,c234,c234,0.58
404,c5,c5,0.63
405,c234,c5,0.27
406,c1,c5,0.45
407,c1,c5,0.19
409,c1,c1,0.95
410,c234,c234,0.6
411,c5,c5,0.39
412,c1,c5,0.43
413,c1,c5,0.21
414,c234,c5,0.79
415,c234,c234,0.25
416,c1,c234,0.63
417,c234,c5,0.62
418,c234,c5,0.54
419,c1,c234,0.22
420,c5,c234,0.09
421,c1,c234,0.77
422,c1,c234,0.51
423,c1,c234,0.62
424,c1,c1,0.27
425,c1,c234,0.52
426,c1,c234,0.47
427,c1,c5,0.54
428,c1,c234,0.73
429,c1,c234,0.64
430,c234,c5,0.48
431,c5,c234,0.62
432,c234,c5,0.25
433,c234,c234,0.77
434,c5,c5,0.3
435,c1,c1,0.99
436,c1,c234,0.39
437,c1,c234,0.57
438,c234,c1,0.75
439,c5,c5,0.34
440,c1,c234,0.46
441,c1,c234,0.48
442,c1,c5,0.38
443,c234,c234,0.65
444,c234,c234,0.26
445,c5,c234,0.46
446,c1,c5,0.54
447,c234,c234,0.52
448,c234,c234,0.38
449,c5,c234,0.56
450,c5,c234,0.6
451,c1,c234,0.71
452,c5,c5,0.65
453,c234,c234,0.19
454,c1,c5,0.56
455,c5,c234,0.36
456,c5,c234,0.68
457,c234,c5,0.5
458,c1,c234,0.62
459,c234,c234,0.41
460,c1,c234,0.42
461,c5,c234,0.13
462,c234,c1,0.54
463,c1,c234,0.29
464,c234,c234,0.22
465,c5,c234,0.25
466,c5,c234,0.37
467,c234,c234,0.22
468,c1,c234,0.42
469,c1,c5,0.51
470,c234,c5,0.26
471,c5,c234,0.36
472,c1,c5,0.31
473,c234,c234,0.39
474,c5,c1,0.41
475,c1,c5,0.43
476,c1,c234,0.55
477,c234,c234,0.58
478,c1,c5,0.25
479,c1,c234,0.47
480,c234,c234,0.33
481,c234,c234,0.58
482,c5,c234,0.73
483,c5,c234,0.29
484,c1,c5,0.74
485,c5,c5,0.36
486,c1,c5,0.27
487,c234,c234,0.69
488,c234,c234,0.24
489,c5,c5,0.2
490,c5,c5,0.17
491,c234,c234,0.56
492,c234,c5,0.57
493,c1,c234,0.32
494,c234,c234,0.45
495,c234,c234,0.22
496,c234,c234,0.16
497,c5,c234,0.34
498,c234,c5,0.6
499,c1,c5,0.33
500,c234,c234,0.67
501,c1,c234,0.17
502,c5,c234,0.05
503,c1,c234,0.47
504,c1,c234,0.47
505,c5,c234,0.32
506,c5,c1,0.17
507,c234,c5,0.35
508,c234,c234,0.58
509,c234,c1,0.23
510,c5,c1,0.85
511,c5,c234,0.58
512,c1,c234,0.36
513,c5,c234,0.34
514,c234,c5,0.34
515,c5,c234,0.27
516,c234,c1,0.87
517,c5,c234,0.47
518,c234,c234,0.31
519,c1,c234,0.32
520,c1,c234,0.16
521,c1,c5,0.36
522,c1,c1,0.64
523,c5,c1,0.26
524,c5,c5,0.55
525,c5,c5,0.65
526,c5,c234,0.09
527,c1,c234,0.52
528,c1,c234,0.49
529,c1,c234,0.75
530,c5,c234,0.52
531,c5,c234,0.39
532,c1,c234,0.66
533,c5,c234,0.32
534,c1,c1,0.7
535,c1,c5,0.46
536,c234,c234,0.32
537,c5,c5,0.07
538,c5,c234,0.35
539,c1,c234,0.62
540,c5,c234,0.54
541,c234,c234,0.54
542,c234,c5,0.64
543,c234,c234,0.76
544,c234,c234,0.15
545,c1,c5,0.35
546,c1,c234,0.15
547,c1,c1,0.46
548,c234,c5,0.66
549,c1,c234,0.25
550,c5,c5,0.43
551,c234,c234,0.36
552,c1,c5,0.38
553,c234,c5,0.92
554,c5,c5,0.53
555,c234,c234,0.47
556,c234,c1,0.25
557,c1,c234,0.71
558,c5,c5,0.58
559,c1,c234,0.11
560,c1,c234,0.25
561,c234,c234,0.39
562,c1,c234,0.24
563,c5,c5,0.86
564,c1,c234,0.38
565,c234,c5,0.24
566,c234,c1,0.52
567,c234,c234,0.65
568,c1,c234,0.24
569,c5,c1,0.5
570,c5,c5,0.37
571,c5,c5,0.52
572,c5,c234,0.64
573,c1,c5,0.5
574,c234,c234,0.71
575,c5,c234,0.57
576,c234,c5,0.83
577,c5,c234,0.3
578,c5,c5,0.4
579,c1,c5,0.6
580,c5,c5,0.37
581,c234,c5,0.42
582,c1,c234,0.31
583,c5,c234,0.17
584,c1,c5,0.3
585,c234,c5,0.69
586,c234,c234,0.45
587,c1,c1,0.34
588,c1,c234,0.65
589,c1,c234,0.71
590,c5,c1,0.37
591,c234,c234,0.44
592,c234,c234,0.28
593,c234,c1,0.47
594,c1,c234,0.4
595,c1,c234,0.49
596,c1,c5,0.48
597,c1,c1,0.67
598,c5,c234,0.59
599,c1,c1,0.31
600,c5,c1,0.47
601,c234,c5,0.31
602,c5,c234,0.54
603,c5,c5,0.42
604,c234,c5,0.61
605,c234,c234,0.44
606,c1,c234,0.57
607,c5,c234,0.47
608,c1,c5,0.6
609,c5,c234,0.24
610,c1,c5,0.28
611,c5,c5,0.3
612,c5,c5,0.21
613,c1,c5,0.64
614,c234,c234,0.21
615,c1,c1,0.53
616,c5,c5,0.42
617,c234,c5,0.65
618,c1,c234,0.23
619,c5,c234,0.43
620,c5,c1,0.27
621,c234,c234,0.4
622,c5,c234,0.53
623,c234,c234,0.24
624,c1,c234,0.32
625,c5,c1,0.5
626,c5,c234,0.69
627,c234,c234,0.62
628,c1,c234,0.45
629,c234,c5,0.51
630,c234,c234,0.69
631,c234,c5,0.75
632,c1,c1,0.32
633,c1,c1,0.31
634,c234,c5,0.63
635,c5,c234,0.39
636,c234,c234,0.71
637,c1,c1,0.42
638,c1,c234,0.48
639,c1,c5,0.41
640,c5,c234,0.75
641,c1,c1,0.5
642,c5,c5,0.4
643,c234,c1,0.69
644,c5,c234,0.26
645,c234,c234,0.47
646,c234,c234,0.59
647,c5,c5,0.46
648,c1,c234,0.25
649,c234,c1,0.22
650,c5,c234,0.7
651,c1,c5,0.32
652,c1,c234,0.26
653,c234,c5,0.4
654,c234,c234,0.28
655,c234,c234,0.28
656,c5,c234,0.28
657,c234,c234,0.65
658,c1,c234,0.59
659,c234,c5,0.87
660,c5,c5,0.81
661,c5,c234,0.26
662,c1,c234,0.51
663,c5,c234,0.36
664,c1,c5,0.59
665,c5,c5,0.35
666,c234,c234,0.38
667,c5,c5,0.36
668,c1,c5,0.4
669,c5,c234,0.36
670,c234,c5,0.38
671,c234,c1,0.23
672,c234,c234,0.82
673,c234,c234,0.31
674,c1,c234,0.64
675,c5,c1,0.22
676,c1,c1,0.2
677,c1,c5,0.25
678,c5,c1,0.21
679,c234,c234,0.59
680,c1,c1,0.87
681,c1,c234,0.38
682,c1,c234,0.21
683,c5,c1,0.77
684,c234,c234,0.75
685,c5,c234,0.69
686,c5,c1,0.72
687,c234,c5,0.7
688,c1,c5,0.18
689,c234,c234,0.28
690,c5,c234,0.53
691,c234,c234,0.48
692,c5,c234,0.42
693,c234,c234,0.61
694,c5,c5,0.6
695,c234,c234,0.61
696,c234,c5,0.46
697,c234,c5,0.65
698,c5,c234,0.13
699,c5,c5,0.99
700,c234,c5,0.33
701,c5,c234,0.65
702,c234,c234,0.55
703,c234,c5,0.25
704,c1,c234,0.49
705,c1,c5,0.32
706,c234,c5,0.26
707,c1,c5,0.37
708,c5,c5,0.68
709,c1,c234,0.5
710,c1,c5,0.67
711,c5,c5,0.25
712,c1,c234,0.58
713,c234,c1,0.23
714,c5,c5,0.49
715,c234,c1,0.45
716,c234,c5,0.43
717,c5,c5,0.89
718,c5,c234,0.56
719,c5,c234,0.49
720,c1,c234,0.61
721,c5,c234,0.59
722,c234,c5,0.69
723,c234,c234,0.62
724,c5,c234,0.45
725,c234,c234,0.5
726,c5,c234,0.58
727,c1,c234,0.24
728,c1,c1,0.23
729,c1,c1,0.49
730,c5,c5,0.68
731,c5,c5,0.3
732,c1,c234,0.55
733,c1,c234,0.6
734,c234,c234,0.58
735,c234,c234,0.21
736,c5,c1,0.77
737,c234,c234,0.18
738,c5,c5,0.75
739,c1,c234,0.48
740,c234,c5,0.44
741,c5,c1,0.63
742,c1,c5,0.5
743,c234,c234,0.45
744,c5,c5,0.26
745,c1,c234,0.27
746,c5,c234,0.49
747,c1,c5,0.74
748,c1,c1,0.27
749,c234,c1,0.67
750,c5,c234,0.15
751,c5,c234,0.42
752,c234,c234,0.71
753,c1,c5,0.7
754,c5,c234,0.48
755,c1,c234,0.43
756,c234,c5,0.63
757,c234,c5,0.37
758,c5,c1,0.85
759,c1,c5,0.82
760,c234,c234,0.26
761,c1,c234,0.47
762,c1,c234,0.25
763,c1,c234,0.15
764,c234,c5,0.52
765,c1,c234,0.68
766,c234,c1,0.63
767,c5,c234,0.69
768,c1,c5,0.52
769,c5,c5,0.85
770,c234,c1,0.26
771,c5,c5,0.64
772,c5,c234,0.36
773,c5,c5,0.72
774,c1,c234,0.28
775,c234,c5,0.28
776,c1,c234,0.73
777,c5,c234,0.32
778,c5,c5,0.76
779,c234,c5,0.44
780,c5,c234,0.43
781,c1,c5,0.4
782,c234,c5,0.73
783,c5,c234,0.28
784,c234,c234,0.38
785,c1,c234,0.39
786,c234,c5,0.47
787,c1,c234,0.57
788,c234,c5,0.78
789,c234,c234,0.22
790,c234,c1,0.24
791,c234,c5,0.85
792,c234,c5,0.47
793,c1,c234,0.24
794,c1,c5,0.71
795,c5,c1,0.35
796,c5,c5,0.8
797,c5,c5,0.58
798,c1,c234,0.27
799,c234,c234,0.49
800,c234,c234,0.25
801,c234,c234,0.41
802,c5,c1,0.33
803,c234,c5,0.73
804,c5,c234,0.24
805,c1,c5,0.56
806,c1,c1,0.44
807,c5,c5,0.82
808,c234,c234,0.32
809,c5,c5,0.36
810,c5,c234,0.14
811,c1,c234,0.42
812,c1,c5,0.25
813,c5,c5,0.39
814,c5,c234,0.4
815,c1,c234,0.4
816,c5,c234,0.42
817,c5,c234,0.51
818,c5,c234,0.36
819,c5,c5,0.29
820,c5,c1,0.32
821,c234,c234,0.33
822,c1,c234,0.48
823,c5,c5,0.72
824,c1,c234,0.54
825,c234,c5,0.44
826,c5,c5,0.75
827,c5,c234,0.65
828,c234,c5,0.21
829,c1,c5,0.45
830,c5,c5,0.67
831,c234,c234,0.15
832,c1,c234,0.41
833,c234,c234,0.4
834,c234,c5,0.76
835,c5,c5,0.85
836,c234,c5,0.47
837,c234,c1,0.22
838,c5,c5,0.53
839,c5,c1,0.92
840,c5,c1,0.43
841,c234,c5,0.51
842,c5,c234,0.64
843,c5,c234,0.4
844,c5,c5,0.4
845,c1,c234,0.64
846,c234,c234,0.76
847,c1,c234,0.34
848,c234,c234,0.45
849,c5,c234,0.39
850,c1,c234,0.63
851,c5,c5,0.71
852,c1,c234,0.25
853,c5,c5,0.41
854,c234,c234,0.52
855,c234,c234,0.53
856,c1,c234,0.2
857,c234,c234,0.83
858,c1,c5,0.41
859,c5,c234,0.43
860,c1,c5,0.32
861,c1,c234,0.43
862,c234,c234,0.41
863,c1,c1,0.63
864,c1,c234,0.51
865,c5,c5,0.41
866,c5,c5,0.92
867,c5,c234,0.35
868,c1,c5,0.45
869,c1,c234,0.41
870,c1,c234,0.65
871,c5,c5,0.71
872,c234,c234,0.26
873,c5,c5,0.28
874,c234,c234,0.35
875,c1,c234,0.55
876,c5,c5,0.4
877,c5,c234,0.62
878,c5,c234,0.86
879,c234,c234,0.15
880,c1,c1,0.32
881,c234,c5,0.51
882,c1,c234,0.34
883,c5,c1,0.65
884,c234,c234,0.26
885,c5,c5,0.8
886,c5,c234,0.68
887,c234,c234,0.26
888,c1,c5,0.3
889,c5,c234,0.25
890,c1,c234,0.35
891,c5,c234,0.52
892,c234,c5,0.51
893,c234,c1,0.41
894,c1,c234,0.6
895,c5,c234,0.19
896,c1,c5,0.33
897,c1,c5,0.59
898,c234,c1,0.18
899,c5,c234,0.44
900,c5,c234,0.4
901,c234,c5,0.28
902,c1,c234,0.52
903,c5,c234,0.17
904,c1,c234,0.63
905,c1,c1,0.38
906,c5,c1,0.11
907,c234,c234,0.61
908,c5,c234,0.38
909,c5,c234,0.24
910,c5,c5,0.27
911,c5,c5,0.46
912,c5,c234,0.23
913,c1,c234,0.05
914,c5,c1,0.66
915,c1,c5,0.47
916,c234,c234,0.51
917,c5,c1,0.39
918,c1,c234,0.45
919,c1,c234,0.5
920,c234,c234,0.75
921,c234,c234,0.19
922,c234,c234,0.58
923,c234,c234,0.34
924,c234,c234,0.39
925,c1,c234,0.59
926,c5,c5,0.58
927,c5,c234,0.42
928,c234,c5,0.82
929,c1,c5,0.37
930,c1,c234,0.24
931,c1,c1,0.98
932,c234,c1,0.43
933,c234,c5,0.45
934,c234,c234,0.71
935,c5,c234,0.26
936,c5,c5,0.86
937,c234,c5,0.34
938,c234,c234,0.48
939,c1,c234,0.41
940,c1,c234,0.32
941,c1,c234,0.46
942,c1,c5,0.19
943,c5,c1,0.27
944,c1,c1,0.91
945,c5,c5,0.67
946,c1,c1,0.97
947,c5,c5,0.84
948,c234,c234,0.7
949,c234,c234,0.54
950,c234,c234,0.43
951,c234,c234,0.57
952,c234,c5,0.36
953,c1,c5,0.43
954,c1,c234,0.34
955,c234,c5,0.4
956,c5,c234,0.18
957,c1,c234,0.43
958,c1,c234,0.74
959,c1,c234,0.63
960,c5,c5,0.44
961,c234,c5,0.29
962,c5,c234,0.39
963,c234,c234,0.41
964,c1,c5,0.4
965,c234,c5,0.54
966,c1,c234,0.45
967,c1,c234,0.3
968,c5,c234,0.48
969,c5,c234,0.6
970,c1,c234,0.25
971,c5,c234,0.3
972,c1,c234,0.64
973,c1,c5,0.41
974,c5,c5,0.95
975,c1,c234,0.44
976,c1,c234,0.3
977,c5,c234,0.23
978,c234,c5,0.55
979,c5,c234,0.19
980,c5,c234,0.19
981,c5,c5,0.52
982,c1,c1,0.2
983,c234,c1,0.19
984,c1,c234,0.19
985,c1,c234,0.19
986,c234,c234,0.69
987,c1,c234,0.36
988,c234,c1,0.24
989,c234,c5,0.51
990,c234,c5,0.34
991,c1,c234,0.17
992,c234,c5,0.58
993,c234,c234,0.67
994,c5,c5,0.4
995,c1,c1,0.26
996,c234,c5,0.58
997,c234,c234,0.31
998,c234,c234,0.25
999,c5,c234,0.18
1000,c234,c234,0.55
1001,c234,c5,0.77
1002,c1,c234,0.3
1003,c234,c5,0.5
1004,c1,c234,0.34
1005,c234,c234,0.27
1006,c1,c234,0.33
1007,c5,c5,0.76
1008,c1,c234,0.24
1009,c234,c5,0.71
1010,c5,c5,0.67
1011,c234,c234,0.42
1012,c234,c234,0.33
1013,c1,c5,0.57
1014,c5,c1,0.41
1015,c234,c1,0.13
1016,c1,c234,0.33
1017,c5,c1,0.21
1018,c234,c234,0.36
1019,c1,c234,0.42
1020,c1,c1,0.97
1021,c1,c234,0.17
1022,c234,c234,0.26
1023,c234,c234,0.58
1024,c234,c234,0.43
1025,c5,c1,0.28
1026,c5,c1,0.23
1027,c1,c5,0.5
1028,c1,c5,0.49
1029,c1,c234,0.51
1030,c5,c234,0.29
1031,c5,c234,0.33
1032,c1,c234,0.56
1033,c1,c1,0.74
1034,c1,c234,0.2
1035,c234,c234,0.55
1036,c5,c5,0.71
1037,c234,c234,0.62
1038,c1,c234,0.39
1039,c5,c234,0.4
1040,c5,c1,0.73
1041,c5,c5,0.79
1042,c1,c5,0.39
1043,c234,c5,0.33
1044,c1,c234,0.43
1045,c1,c234,0.26
1046,c234,c234,0.38
1047,c234,c5,0.8
1048,c5,c5,0.32
1049,c1,c234,0.25
1050,c1,c1,0.47
1051,c5,c234,0.16
1052,c234,c234,0.18
1053,c1,c1,0.54
1054,c5,c234,0.27
1055,c234,c234,0.26
1056,c1,c234,0.69
1057,c234,c234,0.29
1058,c234,c234,0.24
1059,c5,c234,0.35
1060,c234,c234,0.3
1061,c5,c5,0.45
1062,c5,c234,0.25
1063,c234,c234,0.51
1064,c1,c5,0.38
1065,c5,c5,0.22
1066,c234,c5,0.76
1067,c234,c234,0.48
1068,c5,c234,0.38
1069,c234,c234,0.43
1070,c1,c1,0.15
1071,c5,c5,0.29
1072,c1,c1,0.01
1073,c1,c234,0.42
1074,c1,c5,0.15
1075,c234,c234,0.23
1076,c1,c234,0.28
1077,c5,c234,0.72
1078,c1,c234,0.26
1079,c5,c5,0.36
1080,c5,c234,0.65
1081,c234,c234,0.54
1082,c1,c5,0.56
1083,c1,c1,0.44
1084,c1,c5,0.43
1085,c234,c234,0.31
1086,c1,c234,0.5
1088,c234,c234,0.41
1089,c1,c234,0.34
1090,c1,c234,0.55
1091,c5,c5,0.46
1092,c234,c234,0.39
1093,c5,c234,0.25
1094,c1,c1,0.18
1095,c1,c234,0.28
1096,c5,c5,0.39
1097,c5,c234,0.38
1098,c234,c234,0.33
1099,c234,c234,0.5
1100,c234,c234,0.75
1101,c5,c5,0.55
1102,c234,c234,0.3
1103,c1,c234,0.54
1104,c5,c5,0.46
1105,c5,c5,0.91
1106,c234,c234,0.48
1107,c234,c5,0.57
1108,c234,c1,0.78
1109,c234,c5,0.8
1110,c1,c234,0.86
1111,c234,c5,0.74
1112,c5,c5,0.66
1113,c234,c234,0.61
1114,c1,c5,0.81
1115,c1,c234,0.27
1116,c234,c234,0.26
1117,c5,c5,0.75
1118,c1,c234,0.69
1119,c1,c234,0.48
1120,c234,c234,0.65
1121,c234,c234,0.29
1122,c234,c234,0.39
1123,c234,c1,0.16
1124,c234,c5,0.38
1125,c1,c5,0.52
1126,c5,c5,0.16
1127,c5,c234,0.64
1128,c234,c5,0.49
1129,c234,c5,0.27
1130,c1,c234,0.39
1131,c1,c234,0.64
1132,c1,c5,0.25
1133,c234,c5,0.8
1134,c5,c5,0.69
1135,c234,c1,0.94
1136,c1,c5,0.28
1137,c234,c234,0.2
1138,c234,c5,0.39
1139,c5,c5,0.97
1140,c5,c234,0.53
1141,c1,c1,0.59
1142,c5,c234,0.49
1143,c1,c234,0.28
1144,c5,c5,0.94
1145,c234,c5,0.4
1146,c1,c234,0.6
1147,c234,c234,0.4
1148,c1,c234,0.59
1149,c1,c234,0.64
1150,c1,c234,0.59
1151,c234,c234,0.56
1152,c5,c5,0.32
1153,c5,c1,0.25
1154,c1,c234,0.56
1155,c5,c234,0.4
1156,c234,c1,0.37
1157,c234,c1,0.52
1158,c234,c234,0.52
1159,c234,c5,0.25
1160,c5,c5,0.84
1161,c234,c234,0.5
1162,c5,c234,0.5
1163,c234,c234,0.25
1164,c5,c234,0.69
1165,c234,c1,0.5
1166,c5,c5,0.8
1167,c1,c234,0.21
1168,c234,c5,0.64
1169,c5,c5,0.81
1170,c5,c234,0.34
1171,c5,c234,0.61
1172,c5,c1,0.89
1173,c234,c5,0.51
1174,c1,c234,0.49
1175,c5,c5,0.98
1176,c234,c234,0.36
1177,c1,c234,0.35
1178,c5,c234,0.21
1179,c5,c5,0.25
1180,c5,c5,0.77
1181,c234,c5,0.85
1182,c234,c5,0.42
1183,c5,c234,0.34
1184,c234,c5,0.44
1185,c234,c234,0.64
1186,c5,c5,0.75
1187,c1,c5,0.25
1188,c234,c234,0.34
1189,c1,c5,0.17
1190,c234,c234,0.42
1191,c5,c1,0.97
1192,c1,c5,0.3
1193,c1,c234,0.7
1194,c234,c5,0.75
1195,c234,c234,0.56
1196,c5,c234,0.34
1197,c5,c5,0.57
1198,c1,c1,0.69
1199,c5,c5,0.86
1200,c5,c5,0.63
1201,c234,c234,0.71
1202,c234,c234,0.51
1203,c234,c5,0.49
1204,c234,c234,0.78
1205,c1,c234,0.58
1206,c234,c1,0.4
1207,c5,c234,0.39
1208,c5,c234,0.41
1209,c5,c5,0.31
1210,c5,c1,0.23
1211,c5,c5,0.84
1212,c1,c234,0.19
1213,c234,c1,0.52
1214,c5,c234,0.25
1215,c1,c234,0.78
1216,c234,c234,0.14
1217,c1,c234,0.35
1218,c5,c5,0.72
1219,c234,c5,0.47
1220,c5,c5,0.31
1221,c1,c234,0.3
1222,c1,c1,0.36
1223,c234,c5,0.44
1224,c234,c234,0.27
1225,c1,c234,0.47
1226,c5,c234,0.25
1227,c5,c234,0.44
1228,c234,c234,0.39
1229,c234,c234,0.24
1230,c5,c5,0.44
1231,c5,c234,0.19
1232,c5,c5,0.62
1233,c1,c5,0.44
1234,c5,c234,0.4
1235,c5,c5,0.35
1236,c5,c5,0.44
1237,c234,c234,0.34
1238,c1,c234,0.58
1239,c5,c234,0.54
1240,c1,c5,0.65
1241,c5,c234,0.62
1242,c5,c234,0.31
1243,c234,c5,0.65
1244,c5,c1,0.21
1245,c5,c234,0.58
1246,c5,c234,0.45
1247,c5,c5,0.5
1248,c1,c234,0.42
1249,c1,c234,0.26
1250,c234,c5,0.6
1251,c5,c234,0.26
1252,c234,c234,0.55
1253,c234,c234,0.41
1254,c5,c5,0.86
1255,c234,c5,0.26
1256,c234,c1,0.19
1257,c1,c234,0.38
1258,c234,c1,0.59
1259,c234,c5,0.29
1260,c234,c5,0.24
1261,c5,c5,0.44
1262,c5,c234,0.71
1263,c5,c234,0.42
1264,c1,c1,0.26
1265,c234,c5,0.68
1266,c234,c1,0.43
1267,c5,c1,0.89
1268,c5,c5,0.83
1269,c5,c5,0.24
1270,c234,c234,0.63
1271,c5,c234,0.28
1272,c5,c5,0.72
1273,c1,c234,0.27
1274,c5,c1,0.68
1275,c234,c234,0.67
1276,c1,c234,0.53
1277,c234,c234,0.22
1278,c5,c234,0.16
1279,c234,c5,0.34
1280,c1,c234,0.37
1281,c1,c5,0.31
1282,c5,c5,0.72
1283,c234,c234,0.49
1284,c1,c234,0.29
1285,c5,c5,0.95
1286,c234,c5,0.24
1287,c1,c5,0.64
1288,c1,c5,0.64
1289,c234,c234,0.32
1290,c234,c5,0.39
1291,c5,c5,0.71
1292,c1,c1,0.34
1293,c234,c234,0.4
1294,c234,c234,0.58
1295,c5,c5,0.28
1296,c1,c1,0.53
1297,c234,c234,0.24
1298,c5,c5,0.9
1299,c1,c1,0.47
1300,c234,c1,0.16
1301,c5,c234,0.53
1302,c5,c5,0.32
1303,c234,c234,0.24
1304,c1,c5,0.43
1305,c1,c234,0.47
1306,c234,c234,0.66
1307,c1,c234,0.33
1308,c234,c234,0.73
1309,c234,c5,0.5
1310,c1,c5,0.79
1311,c1,c234,0.59
1312,c5,c1,0.76
1313,c234,c1,0.21
1314,c5,c5,0.63
1315,c234,c5,0.78
1316,c1,c1,0.22
1317,c1,c234,0.57
1318,c1,c5,0.72
1319,c1,c234,0.42
1320,c234,c5,0.35
1321,c5,c1,0.31
1322,c5,c5,0.62
1323,c5,c234,0.29
1324,c234,c234,0.32
1325,c1,c234,0.11
1326,c234,c234,0.23
1327,c1,c1,0.27
1328,c5,c5,0.75
1329,c5,c1,0.79
1330,c5,c234,0.26
1331,c1,c5,0.23
1332,c234,c234,0.33
1333,c5,c234,0.53
1334,c5,c1,0.98
1335,c1,c1,0.91
1336,c1,c1,0.46
1337,c5,c5,0.91
1338,c234,c5,0.68
1339,c1,c5,0.33
1340,c5,c5,0.66
1341,c1,c234,0.4
1342,c234,c234,0.42
1343,c234,c234,0.36
1344,c234,c5,0.61
1345,c5,c5,0.52
1346,c5,c1,0.34
1347,c234,c5,0.51
1348,c5,c234,0.32
1349,c5,c234,0.21
1350,c5,c5,0.71
1351,c1,c234,0.69
1352,c5,c1,0.33
1353,c234,c234,0.69
1354,c5,c234,0.43
1355,c234,c5,0.72
1356,c234,c1,0.27
1357,c234,c234,0.25
1358,c1,c234,0.6
1359,c5,c234,0.23
1360,c5,c1,0.43
1361,c5,c234,0.23
1362,c1,c234,0.27
1363,c1,c234,0.37
1364,c1,c5,0.58
1365,c1,c234,0.76
1366,c5,c1,0.21
1367,c234,c234,0.32
1368,c1,c234,0.62
1369,c1,c5,0.63
1370,c1,c234,0.22
1371,c5,c1,0.26
1372,c5,c5,0.7
1373,c5,c234,0.64
1374,c234,c234,0.56
1375,c1,c5,0.59
1376,c1,c5,0.87
1377,c234,c1,0.96
1378,c5,c234,0.39
1379,c1,c1,0.68
1380,c1,c234,0.46
1381,c234,c234,0.58
1382,c1,c5,0.28
1383,c234,c234,0.4
1384,c1,c5,0.41
1385,c234,c234,0.57
1386,c5,c5,0.65
1387,c5,c234,0.04
1388,c234,c5,0.6
1389,c234,c5,0.86
1390,c1,c5,0.42
1391,c1,c1,0.72
1392,c234,c5,0.57
1393,c234,c234,0.54
1394,c234,c234,0.6
1395,c1,c1,0.82
1396,c1,c1,0.64
1397,c234,c234,0.27
1398,c234,c1,0.95
1399,c5,c5,0.47
1400,c5,c5,0.73
1401,c234,c234,0.25
1402,c5,c1,0.68
1403,c5,c234,0.4
1404,c5,c234,0.29
1405,c1,c234,0.44
1406,c1,c1,0.32
1407,c1,c5,0.54
1408,c5,c5,0.96
1409,c5,c234,0.49
1410,c234,c5,0.75
1411,c234,c5,0.22
1412,c5,c234,0.19
1413,c5,c234,0.2
1414,c5,c5,0.09
1415,c1,c234,0.35
1416,c5,c5,0.75
1417,c5,c234,0.67
1418,c234,c5,0.86
1419,c1,c234,0.69
1420,c5,c5,0.88
1421,c5,c5,0.32
1422,c1,c234,0.43
1423,c234,c5,0.92
1424,c5,c1,0.69
1425,c234,c1,0.23
1426,c5,c234,0.35
1427,c5,c5,0.46
1428,c1,c234,0.61
1429,c234,c234,0.28
1430,c5,c1,0.17
1431,c5,c5,0.82
1432,c234,c234,0.44
1433,c5,c5,0.94
1434,c1,c5,0.45
1435,c5,c234,0.25
1436,c234,c5,0.62
1437,c1,c5,0.68
1438,c1,c234,0.7
1439,c234,c5,0.56
1440,c5,c234,0.54
1441,c5,c234,0.77
1442,c5,c234,0.47
1443,c5,c5,0.3
1444,c234,c5,0.4
1445,c5,c5,0.84
1446,c5,c1,0.35
1447,c5,c234,0.47
1448,c5,c234,0.41
1449,c5,c5,0.57
1450,c1,c1,0.23
1451,c1,c234,0.44
1452,c5,c234,0.39
1453,c234,c234,0.35
1454,c1,c234,0.31
1455,c234,c5,0.3
1456,c1,c234,0.17
1457,c234,c5,0.49
1458,c234,c234,0.41
1459,c234,c234,0.25
1460,c234,c234,0.24
1461,c234,c234,0.55
1462,c5,c5,0.67
1463,c234,c234,0.44
1464,c1,c1,0.34
1465,c234,c234,0.26
1466,c1,c1,0.25
1467,c5,c5,0.45
1468,c1,c234,0.11
1469,c5,c234,0.46
1470,c1,c5,0.29
1471,c1,c234,0.51
1472,c5,c234,0.31
1473,c5,c234,0.51
1474,c234,c5,0.52
1475,c1,c234,0.54
1476,c1,c1,0.41
1477,c234,c5,0.39
1478,c234,c234,0.32
1479,c1,c234,0.26
1480,c1,c234,0.74
1481,c234,c5,0.33
1482,c1,c1,0.1
1483,c1,c234,0.53
1484,c1,c234,0.32
1485,c234,c5,0.64
1486,c5,c234,0.48
1487,c5,c234,0.24
1488,c234,c234,0.64
1489,c5,c5,0.29
1490,c1,c1,0.79
1491,c1,c234,0.62
1492,c234,c5,0.26
1493,c5,c234,0.29
1494,c5,c1,0.18
1495,c1,c234,0.39
1496,c234,c234,0.64
1497,c5,c234,0.3
1498,c5,c5,0.3
1499,c234,c5,0.51
1500,c234,c5,0.87
1501,c5,c1,0.84
1502,c234,c5,0.24
1503,c234,c234,0.51
1504,c234,c234,0.56
1505,c1,c234,0.34
1506,c5,c234,0.39
1507,c1,c234,0.48
1508,c5,c5,0.72
1509,c5,c234,0.34
1510,c5,c5,0.81
1511,c234,c234,0.27
1512,c1,c234,0.46
1513,c1,c234,0.1
1514,c5,c5,0.84
1515,c1,c5,0.31
1516,c5,c234,0.55
1517,c5,c5,0.55
1518,c1,c234,0.34
1519,c5,c234,0.34
1520,c5,c234,0.22
1521,c5,c234,0.45
1522,c234,c234,0.41
1523,c5,c5,0.93
1524,c5,c5,0.83
1525,c5,c5,0.92
1526,c234,c234,0.63
1527,c1,c1,0.31
1528,c1,c234,0.83
1529,c5,c234,0.3
1530,c5,c1,0.96
1531,c234,c234,0.68
1532,c234,c1,0.18
1533,c5,c5,0.55
1534,c1,c234,0.43
1535,c1,c234,0.57
1536,c5,c5,0.66
1537,c1,c1,0.49
1538,c1,c234,0.22
1539,c1,c234,0.27
1540,c1,c234,0.61
1541,c1,c5,0.5
1542,c5,c5,0.63
1543,c1,c5,0.43
1544,c5,c234,0.2
1545,c1,c234,0.47
1546,c5,c234,0.34
1547,c5,c1,0.12
1548,c1,c234,0.18
1549,c5,c234,0.45
1550,c234,c234,0.69
1551,c234,c234,0.23
1552,c1,c234,0.53
1553,c1,c234,0.29
1554,c234,c234,0.64
1555,c5,c5,0.59
1556,c1,c5,0.7
1557,c5,c5,0.9
1558,c234,c234,0.41
1559,c5,c1,0.86
1560,c234,c234,0.35
1561,c5,c234,0.23
1562,c5,c234,0.61
1563,c1,c5,0.6
1564,c5,c5,0.54
1565,c5,c234,0.52
1566,c5,c5,0.56
1567,c1,c5,0.55
1568,c234,c5,0.45
1569,c5,c1,0.47
1570,c5,c5,0.56
1571,c5,c5,0.27
1572,c5,c234,0.33
1573,c5,c234,0.47
1574,c5,c1,0.27
1575,c5,c234,0.1
1576,c234,c5,0.31
1577,c5,c234,0.26
1578,c1,c5,0.54
1579,c1,c234,0.23
1580,c5,c234,0.32
1581,c5,c1,0.31
1582,c5,c5,0.81
1583,c1,c234,0.53
1584,c234,c234,0.24
1585,c234,c5,0.68
1586,c5,c5,0.42
1587,c234,c5,0.88
1588,c5,c5,0.69
1589,c1,c5,0.38
1590,c234,c234,0.26
1591,c5,c5,0.4
1592,c234,c234,0.43
1593,c234,c1,0.95
1594,c234,c1,0.65
1595,c234,c234,0.54
1596,c234,c5,0.25
1597,c234,c234,0.13
1598,c5,c234,0.29
1599,c5,c234,0.1
1600,c5,c1,0.83
1601,c5,c5,0.26
1602,c234,c234,0.39
1603,c234,c234,0.41
1604,c1,c5,0.83
1605,c5,c234,0.28
1606,c1,c234,0.2
1607,c234,c1,0.32
1608,c1,c234,0.56
1609,c5,c234,0.39
1610,c1,c1,0.37
1611,c5,c234,0.33
1612,c1,c5,0.55
1613,c1,c234,0.55
1614,c234,c1,0.25
1615,c1,c5,0.48
1616,c234,c1,0.3
1617,c1,c234,0.5
1618,c234,c5,0.45
1619,c5,c5,0.23
1620,c234,c5,0.59
1621,c234,c5,0.43
1622,c5,c1,0.35
1623,c1,c5,0.54
1624,c1,c5,0.27
1625,c5,c5,0.37
1626,c5,c5,0.24
1627,c5,c234,0.14
1628,c5,c5,0.33
1629,c234,c234,0.24
1630,c5,c5,0.26
1631,c1,c5,0.26
1632,c234,c234,0.41
1633,c5,c5,0.77
1634,c5,c5,0.6
1635,c234,c234,0.29
1636,c5,c234,0.42
1637,c5,c5,0.28
1638,c5,c5,0.83
1639,c1,c234,0.62
1640,c234,c234,0.28
1641,c5,c234,0.38
1642,c234,c234,0.26
1643,c234,c234,0.51
1644,c1,c234,0.11
1645,c5,c5,0.85
1646,c5,c5,0.81
1647,c5,c234,0.22
1648,c1,c234,0.33
1649,c1,c5,0.45
1650,c5,c234,0.19
1651,c1,c234,0.44
1652,c234,c234,0.22
1653,c234,c234,0.26
1654,c5,c5,0.79
1655,c5,c234,0.35
1656,c5,c1,0.48
1657,c234,c1,0.29
1658,c234,c234,0.54
1659,c1,c234,0.32
1660,c1,c234,0.44
1661,c234,c234,0.3
1662,c5,c234,0.28
1663,c234,c5,0.97
1664,c5,c234,0.51
1665,c234,c234,0.33
1666,c5,c234,0.5
1667,c1,c5,0.77
1668,c234,c234,0.27
1669,c234,c5,0.46
1670,c1,c234,0.35
1671,c1,c5,0.43
1672,c5,c234,0.33
1673,c234,c234,0.62
1674,c1,c234,0.23
1675,c5,c5,0.78
1676,c1,c5,0.26
1677,c234,c1,0.22
1678,c234,c1,0.47
1679,c234,c234,0.61
1680,c5,c234,0.82
1681,c234,c234,0.46
1682,c5,c234,0.59
1683,c234,c5,0.62
1684,c1,c5,0.67
1685,c1,c1,0.23
1686,c1,c234,0.3
1687,c234,c5,0.62
1688,c1,c234,0.7
1689,c1,c234,0.6
1690,c5,c234,0.35
1691,c1,c234,0.29
1692,c5,c5,0.84
1693,c234,c1,0.31
1694,c1,c234,0.5
1695,c234,c5,0.67
1696,c5,c234,0.36
1697,c5,c5,0.89
1698,c234,c5,0.24
1699,c234,c1,0.28
1700,c1,c234,0.57
1701,c5,c5,0.32
1702,c234,c1,0.64
1703,c234,c1,0.35
1704,c5,c1,0.46
1705,c1,c5,0.37
1706,c234,c234,0.26
1707,c5,c5,0.56
1708,c1,c234,0.37
1709,c1,c5,0.34
1710,c234,c234,0.3
1711,c5,c5,0.32
1712,c234,c5,0.45
1713,c234,c234,0.25
1714,c5,c234,0.51
1715,c1,c234,0.23
1716,c5,c1,0.33
1717,c5,c5,0.2
1718,c234,c5,0.7
1719,c5,c5,0.56
1720,c1,c234,0.29
1721,c234,c5,0.78
1722,c1,c5,0.44
1723,c234,c5,0.93
1724,c5,c234,0.17
1725,c234,c234,0.21
1726,c234,c5,0.69
1727,c234,c234,0.33
1728,c234,c234,0.14
1729,c5,c5,0.63
1730,c234,c5,0.7
1731,c234,c1,0.64
1732,c5,c5,0.55
1733,c234,c5,0.24
1734,c1,c1,0.33
1735,c1,c234,0.64
1736,c1,c5,0.43
1737,c1,c234,0.65
1738,c234,c234,0.19
1739,c5,c1,0.31
1740,c1,c1,0.62
1741,c234,c5,0.46
1742,c5,c5,0.48
1743,c234,c234,0.57
1744,c234,c5,0.39
1745,c234,c234,0.35
1746,c234,c5,0.73
1747,c234,c234,0.37
1748,c234,c234,0.3
1749,c5,c234,0.26
1750,c5,c5,0.32
1751,c234,c5,0.78
1752,c5,c234,0.29
1753,c1,c234,0.56
1754,c5,c5,0.69
1755,c234,c234,0.25
1756,c234,c234,0.23
1757,c1,c5,0.37
1758,c1,c5,0.47
1759,c234,c234,0.5
1760,c234,c5,0.8
1761,c234,c234,0.78
1762,c1,c234,0.51
1763,c234,c1,0.44
1764,c5,c1,0.62
1765,c5,c5,0.74
1766,c5,c1,0.78
1767,c1,c5,0.55
1768,c1,c234,0.52
1769,c5,c1,0.57
1770,c234,c234,0.66
1771,c5,c234,0.25
1772,c5,c5,0.76
1773,c5,c234,0.33
1774,c234,c234,0.37
1775,c234,c234,0.43
1776,c5,c5,0.42
1777,c234,c234,0.73
1778,c5,c5,0.2
1779,c5,c5,0.31
1780,c1,c234,0.27
1781,c234,c234,0.24
1782,c5,c234,0.51
1783,c1,c1,0.67
1784,c5,c5,0.69
1785,c5,c1,0.69
1786,c1,c5,0.7
1787,c1,c234,0.32
1788,c5,c1,0.46
1789,c5,c234,0.25
1790,c234,c234,0.27
1791,c5,c1,0.45
1792,c234,c234,0.42
1793,c1,c234,0.48
1794,c1,c234,0.44
1795,c1,c234,0.73
1796,c5,c234,0.47
1797,c234,c1,0.98
1798,c1,c234,0.57
1799,c5,c5,0.59
1800,c5,c234,0.43
1801,c234,c234,0.35
1802,c5,c234,0.15
1803,c5,c5,0.35
1804,c234,c234,0.5
1805,c1,c1,0.86
1806,c5,c234,0.31
1807,c5,c234,0.48
1808,c5,c234,0.21
1809,c5,c234,0.67
1810,c5,c234,0.29
1811,c5,c5,0.38
1812,c1,c5,0.27
1813,c234,c5,0.64
1814,c5,c234,0.28
1815,c5,c234,0.4
1816,c234,c234,0.4
1817,c5,c5,0.27
1818,c234,c5,0.74
1819,c5,c5,0.39
1820,c5,c234,0.31
1821,c1,c5,0.35
1822,c5,c234,0.22
1823,c5,c5,0.41
1824,c1,c234,0.37
1825,c5,c5,0.8
1826,c234,c5,0.94
1827,c234,c5,0.9
1828,c1,c5,0.29
1829,c1,c234,0.62
1830,c234,c234,0.72
1831,c5,c5,0.55
1832,c1,c234,0.74
1833,c234,c234,0.26
1834,c234,c5,0.36
1835,c1,c234,0.25
1836,c234,c5,0.41
1837,c234,c5,0.51
1838,c234,c234,0.59
1839,c234,c1,0.32
1840,c1,c234,0.68
1841,c5,c5,0.89
1842,c234,c234,0.3
1843,c234,c5,0.3
1844,c1,c234,0.22
1845,c1,c234,0.62
1846,c5,c234,0.47
1847,c1,c234,0.4
1848,c234,c234,0.18
1849,c234,c234,0.31
1850,c1,c234,0.19
1851,c234,c234,0.3
1852,c1,c234,0.39
1853,c234,c5,0.23
1854,c1,c1,0.92
1855,c234,c5,0.46
1856,c234,c234,0.57
1857,c234,c234,0.25
1858,c1,c234,0.12
1859,c1,c234,0.65
1860,c234,c234,0.79
1861,c234,c234,0.25
1862,c1,c5,0.35
1863,c234,c5,0.35
1864,c5,c5,0.32
1865,c1,c234,0.46
1866,c234,c234,0.66
1867,c1,c234,0.53
1868,c234,c5,0.52
1869,c1,c234,0.52
1870,c1,c234,0.52
1871,c234,c234,0.33
1872,c234,c5,0.39
1873,c1,c234,0.37
1874,c234,c5,0.44
1875,c234,c234,0.33
1876,c5,c1,0.74
1877,c1,c1,0.68
1878,c5,c5,0.44
1879,c5,c5,0.31
1880,c234,c5,0.31
1881,c234,c5,0.77
1882,c5,c1,0.44
1883,c5,c5,0.37
1884,c1,c234,0.27
1885,c5,c5,0.53
1886,c1,c234,0.65
1887,c234,c5,0.53
1888,c234,c1,0.35
1889,c1,c234,0.48
1890,c234,c5,0.67
1891,c5,c1,0.17
1892,c1,c234,0.59
1893,c5,c234,0.25
1894,c1,c1,0.14
1895,c5,c234,0.65
1896,c5,c5,0.49
1897,c1,c234,0.49
1898,c1,c1,0.23
1899,c5,c1,0.19
1900,c234,c234,0.21
1901,c5,c234,0.35
1902,c234,c5,0.28
1903,c234,c234,0.55
1904,c1,c1,0.68
1905,c1,c234,0.71
1906,c234,c5,0.64
1907,c1,c5,0.51
1908,c234,c5,0.59
1909,c234,c5,0.69
1910,c234,c1,0.24
1911,c234,c234,0.72
1912,c234,c234,0.47
1913,c5,c234,0.12
1914,c5,c5,0.58
1915,c1,c5,0.49
1916,c234,c234,0.12
1917,c234,c5,0.92
1918,c234,c5,0.42
1919,c1,c5,0.64
1920,c1,c5,0.54
1921,c1,c234,0.51
1922,c5,c1,0.48
1923,c5,c1,0.83
1924,c1,c5,0.28
1925,c234,c1,0.5
1926,c234,c5,0.61
1927,c234,c234,0.31
1928,c234,c5,0.45
1929,c234,c234,0.65
1930,c234,c234,0.43
1931,c1,c234,0.27
1932,c234,c5,0.7
1933,c1,c234,0.31
1934,c234,c5,0.74
1935,c5,c234,0.3
1936,c1,c234,0.36
1937,c234,c5,0.52
1938,c1,c1,0.62
1939,c1,c234,0.33
1940,c1,c234,0.34
1941,c1,c1,0.38
1942,c5,c234,0.25
1943,c1,c1,0.98
1944,c1,c5,0.87
1945,c5,c234,0.38
1946,c234,c1,0.3
1947,c5,c1,0.73
1948,c5,c5,0.38
1949,c234,c234,0.31
1950,c5,c1,0.28
1951,c234,c234,0.58
1952,c5,c234,0.44
1953,c234,c234,0.27
1954,c1,c5,0.36
1955,c1,c5,0.43
1956,c5,c5,0.46
1957,c1,c234,0.22
1958,c234,c234,0.61
1959,c234,c1,0.24
1960,c234,c234,0.47
1961,c5,c234,0.49
1962,c234,c5,0.54
1963,c5,c5,0.91
1964,c5,c234,0.4
1965,c5,c1,0.38
1966,c5,c234,0.23
1967,c1,c1,0.81
1968,c5,c5,0.97
1969,c5,c5,0.53
1970,c234,c234,0.53
1971,c234,c234,0.65
1972,c1,c5,0.38
1973,c1,c234,0.56
1974,c1,c234,0.43
1975,c234,c234,0.76
1976,c234,c234,0.31
1977,c1,c1,0.86
1978,c5,c5,0.82
1979,c234,c234,0.54
1980,c234,c5,0.33
1981,c1,c234,0.4
1982,c5,c5,0.39
1983,c234,c234,0.6
1984,c234,c234,0.29
1985,c1,c5,0.54
1986,c234,c5,0.7
1987,c234,c5,0.33
1988,c1,c5,0.71
1989,c1,c1,0.96
1990,c234,c5,0.71
1991,c5,c5,0.81
1992,c1,c1,0.38
1993,c1,c1,0.68
1994,c5,c234,0.39
1995,c5,c234,0.15
1996,c5,c234,0.38
1997,c234,c234,0.37
1998,c5,c5,0.18
1999,c234,c234,0.39
2000,c1,c234,0.2
2001,c5,c234,0.36
2002,c1,c234,0.52
2003,c1,c1,0.97
2004,c5,c5,0.71
2005,c5,c5,0.78
2006,c5,c234,0.32
2007,c1,c234,0.55
2008,c234,c234,0.18
2009,c234,c234,0.22
2010,c234,c5,0.64
2011,c5,c234,0.23
2012,c1,c234,0.21
2013,c5,c1,0.35
2014,c1,c5,0.24
2015,c234,c5,0.25
2016,c1,c234,0.64
2017,c5,c5,0.32
2018,c234,c5,0.45
2019,c1,c5,0.93
2020,c5,c234,0.78
2021,c234,c1,0.94
2022,c5,c1,0.67
2023,c5,c5,0.6
2024,c234,c5,0.44
2025,c234,c5,0.4
2026,c5,c5,0.26
2027,c1,c234,0.6
2028,c234,c5,0.35
2029,c234,c234,0.42
2030,c5,c5,0.65
2031,c1,c5,0.24
2032,c1,c234,0.65
2033,c1,c234,0.69
2034,c1,c234,0.33
2035,c5,c5,0.36
2036,c1,c234,0.7
2037,c5,c5,0.41
2038,c5,c234,0.27
2039,c234,c5,0.72
2040,c5,c234,0.44
2041,c1,c234,0.38
2042,c1,c234,0.35
2043,c5,c234,0.18
2044,c5,c5,0.59
2045,c234,c234,0.3
2046,c234,c234,0.67
2047,c234,c5,0.95
2048,c5,c5,0.53
2049,c234,c234,0.27
2050,c234,c5,0.16
2051,c5,c5,0.32
2052,c1,c234,0.42
2053,c5,c5,0.72
2054,c234,c234,0.42
2055,c5,c5,0.31
2056,c1,c234,0.54
2057,c1,c234,0.44
2058,c234,c5,0.63
2059,c234,c234,0.4
2060,c5,c234,0.36
2061,c1,c1,0.25
2062,c5,c234,0.52
2063,c234,c5,0.81
2064,c5,c5,0.66
2065,c234,c5,0.32
2066,c5,c5,0.63
2067,c1,c234,0.22
2068,c1,c1,0.19
2069,c1,c234,0.41
2070,c5,c234,0.56
2071,c5,c5,0.9
2072,c1,c234,0.51
2073,c234,c1,0.45
2074,c234,c1,0.65
2075,c5,c1,0.21
2076,c1,c1,0.6
2077,c5,c234,0.47
2078,c1,c1,0.18
2079,c1,c1,0.51
2080,c5,c5,0.57
2081,c1,c1,0.23
2082,c5,c5,0.31
2083,c5,c234,0.38
2084,c234,c234,0.54
2085,c5,c5,0.96
2086,c5,c234,0.59
2087,c5,c1,0.87
2088,c5,c234,0.54
2089,c234,c5,0.59
2090,c234,c234,0.83
2091,c234,c234,0.22
2092,c5,c1,0.25
2093,c1,c234,0.27
2094,c1,c1,0.36
2095,c1,c234,0.78
2096,c1,c5,0.6
2097,c5,c1,0.87
2098,c234,c234,0.3
2099,c1,c234,0.54
2100,c1,c234,0.37
2101,c5,c5,0.95
2102,c1,c1,0.68
2103,c1,c1,0.34
2104,c5,c1,0.65
2105,c1,c234,0.28
2106,c5,c1,0.42
2107,c1,c5,0.6
2108,c234,c234,0.47
2109,c234,c234,0.38
2110,c1,c5,0.61
2111,c234,c234,0.48
2112,c1,c5,0.29
2113,c1,c234,0.72
2114,c1,c234,0.46
2115,c1,c234,0.29
2116,c1,c234,0.25
2117,c234,c234,0.67
2118,c5,c234,0.57
2119,c234,c234,0.58
2120,c5,c234,0.31
2121,c1,c234,0.32
2122,c5,c1,0.78
2123,c234,c234,0.25
2124,c234,c234,0.55
2125,c1,c234,0.6
2126,c1,c234,0.48
2127,c5,c5,0.55
2128,c5,c5,0.81
2129,c234,c234,0.3
2130,c1,c5,0.44
2131,c1,c5,0.82
2132,c234,c5,0.91
2133,c234,c234,0.44
2134,c1,c5,0.39
2135,c5,c234,0.78
2136,c1,c5,0.33
2137,c5,c234,0.13
2138,c5,c1,0.91
2139,c5,c234,0.27
2140,c234,c5,0.48
2141,c1,c234,0.41
2142,c5,c234,0.19
2143,c5,c234,0.13
2144,c1,c234,0.53
2145,c234,c5,0.78
2146,c234,c234,0.6
2147,c234,c234,0.37
2148,c5,c5,0.51
2149,c234,c234,0.52
2150,c234,c5,0.29
2151,c5,c5,0.8
2152,c1,c5,0.28
2153,c1,c234,0.23
2154,c5,c5,0.7
2155,c1,c5,0.35
2156,c234,c5,0.44
2157,c1,c234,0.56
2158,c234,c234,0.37
2159,c1,c234,0.68
2160,c234,c1,0.5
2161,c5,c234,0.16
2162,c1,c234,0.63
2163,c234,c234,0.67
2164,c1,c234,0.34
2165,c1,c5,0.73
2166,c1,c5,0.43
2167,c5,c234,0.53
2168,c234,c5,0.53
2169,c234,c234,0.27
2170,c5,c1,0.71
2171,c234,c5,0.76
2172,c234,c234,0.31
2173,c234,c234,0.66
2174,c1,c234,0.48
2175,c5,c5,0.48
2176,c234,c5,0.38
2177,c5,c234,0.17
2178,c1,c1,0.34
2179,c5,c234,0.56
2180,c234,c1,0.23
2181,c1,c234,0.49
2182,c234,c1,0.44
2183,c234,c234,0.64
2184,c234,c234,0.48
2185,c5,c234,0.55
2186,c5,c234,0.75
2187,c5,c5,0.3
2188,c234,c234,0.2
2189,c5,c5,0.49
2190,c5,c234,0.31
2191,c234,c1,0.28
2192,c5,c234,0.53
2193,c5,c5,0.46
2194,c5,c5,0.28
2195,c5,c234,0.33
2196,c1,c234,0.31
2197,c1,c5,0.61
2198,c5,c1,0.16
2199,c5,c5,0.55
2200,c5,c1,0.87
2201,c1,c1,0.78
2202,c1,c5,0.45
2203,c234,c234,0.67
2204,c1,c234,0.63
2205,c234,c1,0.52
2206,c234,c234,0.8
2207,c5,c5,0.87
2208,c5,c234,0.61
2209,c1,c5,0.93
2210,c234,c234,0.44
2211,c234,c234,0.63
2212,c1,c234,0.27
2213,c5,c234,0.54
2214,c234,c234,0.29
2215,c5,c234,0.55
2216,c234,c1,0.54
2217,c1,c234,0.36
2218,c1,c5,0.36
2219,c1,c234,0.38
2220,c5,c5,0.32
2221,c5,c1,0.3
2222,c5,c234,0.26
2223,c234,c234,0.42
2224,c5,c5,0.49
2225,c234,c234,0.5
2226,c1,c234,0.36
2227,c234,c5,0.45
2228,c1,c234,0.31
2229,c5,c234,0.17
2230,c5,c5,0.89
2231,c1,c5,0.39
2232,c234,c5,0.7
2233,c5,c234,0.39
2234,c5,c5,0.64
2235,c234,c234,0.61
2236,c234,c234,0.55
2237,c1,c234,0.66
2238,c5,c234,0.27
2239,c234,c5,0.54
2240,c234,c234,0.4
2241,c5,c5,0.35
2242,c5,c234,0.4
2243,c1,c5,0.67
2244,c1,c5,0.46
2245,c234,c234,0.66
2246,c1,c234,0.46
2247,c234,c5,0.4
2248,c1,c234,0.56
2249,c5,c5,0.27
2250,c1,c5,0.31
2251,c5,c5,0.77
2252,c234,c5,0.26
2253,c1,c234,0.43
2254,c234,c234,0.64
2255,c234,c234,0.28
2256,c5,c5,0.49
2257,c1,c234,0.45
2258,c5,c5,0.51
2259,c5,c5,0.24
2260,c1,c234,0.33
2261,c1,c234,0.23
2262,c234,c1,0.96
2263,c1,c234,0.2
2264,c1,c5,0.43
2265,c5,c234,0.45
2266,c234,c5,0.95
2267,c234,c234,0.67
2268,c1,c234,0.76
2269,c234,c1,0.19
2270,c1,c5,0.26
2271,c5,c234,0.25
2272,c234,c5,0.28
2273,c1,c1,0.21
2274,c5,c5,0.52
2275,c5,c234,0.17
2276,c234,c234,0.58
2277,c234,c234,0.29
2278,c5,c234,0.68
2279,c1,c234,0.23
2280,c234,c1,0.36
2281,c1,c234,0.59
2282,c234,c234,0.21
2283,c1,c234,0.51
2284,c1,c234,0.37
2285,c234,c234,0.28
2286,c1,c234,0.37
2287,c5,c5,0.11
2288,c1,c5,0.26
2289,c234,c5,0.53
2290,c234,c5,0.48
2291,c234,c5,0.33
2292,c5,c234,0.3
2293,c234,c234,0.44
2294,c234,c5,0.32
2295,c234,c5,0.8
2296,c1,c5,0.36
2297,c5,c5,0.92
2298,c234,c5,0.69
2299,c234,c234,0.69
2300,c5,c234,0.39
2301,c1,c234,0.72
2302,c1,c234,0.69
2303,c1,c234,0.18
2304,c1,c1,0.24
2305,c5,c234,0.44
2306,c1,c234,0.45
2307,c5,c234,0.53
2308,c234,c234,0.34
2309,c234,c5,0.23
2310,c1,c5,0.8
2311,c5,c5,0.73
2312,c234,c5,0.35
2313,c5,c5,0.85
2314,c5,c234,0.35
2315,c5,c5,0.3
2316,c5,c1,0.31
2317,c234,c234,0.24
2318,c1,c234,0.63
2319,c5,c234,0.43
2320,c234,c234,0.29
2321,c1,c234,0.27
2322,c234,c234,0.31
2323,c234,c5,0.33
2324,c5,c5,0.34
2325,c5,c234,0.5
2326,c234,c5,0.76
2327,c234,c234,0.31
2328,c234,c1,0.15
2329,c234,c1,0.3
2330,c1,c1,0.94
2331,c234,c234,0.75
2332,c5,c5,0.15
2333,c1,c234,0.37
2334,c5,c234,0.6
2335,c1,c234,0.58
2336,c234,c1,0.37
2337,c234,c1,0.85
2338,c5,c234,0.28
2339,c234,c1,0.55
2340,c5,c5,0.83
2341,c1,c5,0.75
2342,c234,c1,0.98
2343,c1,c5,0.75
2344,c1,c234,0.48
2345,c1,c1,0.51
2346,c234,c234,0.56
2347,c234,c5,0.35
2348,c1,c234,0.42
2349,c5,c5,0.81
2350,c5,c5,0.69
2351,c234,c5,0.52
2352,c5,c234,0.29
2353,c5,c234,0.39
2354,c5,c234,0.68
2355,c5,c5,0.84
2356,c5,c234,0.53
2357,c5,c234,0.33
2358,c1,c234,0.46
2359,c234,c234,0.33
2360,c1,c234,0.27
2361,c1,c234,0.58
2362,c1,c1,0.38
2363,c1,c234,0.34
2364,c1,c5,0.59
2365,c234,c5,0.75
2366,c1,c5,0.72
2367,c234,c234,0.27
2368,c5,c1,0.41
2369,c5,c5,0.56
2370,c5,c5,0.55
2371,c234,c234,0.5
2372,c1,c234,0.47
2373,c5,c5,0.83
2374,c1,c234,0.38
2375,c1,c234,0.21
2376,c1,c234,0.6
2377,c5,c234,0.26
2378,c1,c234,0.36
2379,c234,c5,0.37
2380,c234,c5,0.88
2381,c1,c234,0.46
2382,c234,c234,0.29
2383,c1,c5,0.62
2384,c1,c234,0.3
2385,c5,c5,0.48
2386,c234,c5,0.8
2387,c5,c5,0.48
2388,c5,c234,0.38
2389,c234,c234,0.81
2390,c234,c5,0.55
2391,c1,c5,0.29
2392,c234,c5,0.47
2393,c1,c234,0.61
2394,c234,c234,0.24
2395,c234,c5,0.35
2396,c1,c5,0.84
2397,c5,c1,0.5
2398,c5,c5,0.84
2399,c234,c5,0.58
2400,c5,c5,0.32
2401,c5,c5,0.62
2402,c5,c234,0.68
2403,c5,c5,0.26
2404,c1,c234,0.2
2405,c5,c234,0.65
2406,c1,c234,0.34
2407,c234,c5,0.84
2408,c5,c1,0.44
2409,c234,c234,0.67
2410,c1,c5,0.34
2411,c1,c234,0.48
2412,c234,c5,0.36
2413,c5,c1,0.16
2414,c5,c5,0.68
2415,c5,c5,0.46
2416,c1,c1,0.24
2417,c1,c234,0.23
2418,c1,c234,0.59
2419,c1,c5,0.75
2420,c5,c234,0.29
2421,c234,c234,0.28
2422,c5,c234,0.47
2423,c5,c1,0.62
2424,c5,c5,0.77
2425,c234,c234,0.5
2426,c5,c234,0.44
2427,c1,c5,0.44
2428,c5,c5,0.32
2429,c5,c234,0.45
2430,c1,c234,0.64
2431,c5,c5,0.96
2432,c1,c234,0.35
2433,c1,c234,0.25
2434,c5,c234,0.4
2435,c5,c234,0.37
2436,c234,c234,0.65
2437,c1,c234,0.48
2438,c5,c5,0.76
2439,c234,c5,0.29
2440,c234,c5,0.36
2441,c234,c5,0.55
2442,c234,c5,0.12
2443,c234,c1,0.43
2444,c1,c234,0.26
2445,c234,c234,0.39
2446,c1,c234,0.37
2447,c1,c234,0.28
2448,c234,c234,0.39
2449,c5,c1,0.41
2450,c5,c5,0.61
2451,c1,c234,0.47
2452,c234,c1,0.93
2453,c234,c234,0.36
2454,c234,c5,0.4
2455,c5,c5,0.27
2456,c5,c5,0.55
2457,c5,c234,0.49
2458,c5,c5,0.27
2459,c1,c5,0.13
2460,c234,c234,0.4
2461,c234,c5,0.58
2462,c234,c234,0.41
2463,c234,c5,0.56
2464,c5,c234,0.67
2465,c234,c234,0.54
2466,c5,c234,0.27
2467,c5,c1,0.95
2468,c1,c234,0.7
2469,c5,c234,0.25
2470,c1,c1,0.47
2471,c5,c234,0.26
2472,c5,c5,0.94
2473,c234,c5,0.74
2474,c234,c5,0.58
2475,c234,c5,0.55
2476,c1,c234,0.64
2477,c234,c234,0.53
2478,c5,c234,0.26
2479,c5,c5,0.72
2480,c5,c234,0.5
2481,c1,c234,0.18
2482,c5,c5,0.82
2483,c1,c234,0.38
2484,c1,c234,0.31
2485,c1,c1,0.45
2486,c1,c5,0.15
2487,c5,c234,0.3
2488,c1,c234,0.4
2489,c5,c5,0.41
2490,c1,c234,0.21
2491,c5,c5,0.31
2492,c1,c234,0.52
2493,c234,c5,0.66
2494,c5,c5,0.89
2495,c5,c5,0.35
2496,c5,c5,0.37
2497,c1,c234,0.27
2498,c234,c234,0.68
2499,c1,c5,0.26
2500,c5,c1,0.41
2501,c234,c5,0.78
2502,c234,c234,0.66
2503,c5,c5,0.68
2504,c234,c234,0.67
2505,c1,c234,0.3
2506,c1,c1,0.21
2507,c234,c234,0.46
2508,c5,c5,0.47
2509,c5,c5,0.91
2510,c234,c234,0.37
2511,c1,c234,0.55
2512,c234,c1,0.22
2513,c1,c234,0.66
2514,c234,c1,0.95
2515,c5,c5,0.32
2516,c1,c234,0.56
2517,c5,c234,0.33
2518,c5,c1,0.22
2519,c234,c5,0.59
2520,c1,c1,0.39
2521,c234,c5,0.23
2522,c5,c234,0.28
2523,c1,c234,0.51
2524,c5,c5,0.82
2525,c1,c234,0.19
2526,c5,c5,0.91
2527,c5,c5,0.39
2528,c5,c5,0.71
2529,c234,c5,0.53
2530,c1,c234,0.4
2531,c5,c5,0.66
2532,c1,c234,0.54
2533,c234,c234,0.3
2534,c5,c234,0.33
2535,c234,c1,0.29
2536,c1,c234,0.48
2537,c5,c5,0.82
2538,c234,c1,0.48
2539,c5,c234,0.37
2540,c1,c1,0.52
2541,c234,c1,0.83
2542,c1,c5,0.25
2543,c5,c5,0.74
2544,c5,c5,0.59
2545,c5,c5,0.43
2546,c234,c1,0.42
2547,c5,c234,0.37
2548,c5,c5,0.78
2549,c5,c5,0.92
2550,c1,c234,0.49
2551,c1,c5,0.57
2552,c5,c5,0.88
2553,c5,c5,0.41
2554,c234,c5,0.52
2555,c234,c234,0.69
2556,c5,c234,0.5
2557,c234,c5,0.44
2558,c5,c234,0.39
2559,c1,c1,0.19
2560,c5,c1,0.16
2561,c5,c5,0.71
2562,c5,c5,0.42
2563,c234,c1,0.54
2564,c234,c5,0.51
2565,c5,c234,0.46
2566,c5,c5,0.84
2567,c1,c234,0.38
2568,c234,c234,0.37
2569,c234,c234,0.78
2570,c5,c5,0.87
2571,c234,c1,0.44
2572,c5,c5,0.95
2573,c234,c5,0.42
2574,c5,c234,0.55
2575,c234,c234,0.68
2576,c234,c234,0.58
2577,c234,c234,0.32
2578,c234,c5,0.71
2579,c1,c234,0.57
2580,c5,c234,0.69
2581,c234,c5,0.78
2582,c5,c234,0.76
2583,c5,c234,0.64
2584,c234,c5,0.37
2585,c234,c5,0.37
2586,c1,c234,0.53
2587,c234,c234,0.35
2588,c234,c1,0.66
2589,c5,c5,0.79
2590,c5,c5,0.49
2591,c234,c1,0.32
2592,c5,c5,0.63
2593,c5,c1,0.41
2594,c5,c234,0.52
2595,c1,c5,0.58
2596,c5,c5,0.71
2597,c234,c234,0.36
2598,c5,c234,0.63
2599,c234,c1,0.63
2600,c234,c234,0.34
2601,c234,c5,0.38
2602,c234,c5,0.61
2603,c5,c234,0.65
2604,c234,c5,0.58
2605,c1,c5,0.36
2606,c5,c1,0.51
2607,c5,c234,0.24
2608,c5,c5,0.24
2609,c234,c234,0.45
2610,c1,c234,0.44
2611,c234,c234,0.77
2612,c234,c234,0.72
2613,c234,c234,0.44
2614,c5,c5,0.7
2615,c1,c234,0.22
2616,c5,c234,0.46
2617,c5,c1,0.45
2618,c1,c234,0.26
2619,c234,c1,0.42
2620,c1,c5,0.17
2621,c5,c1,0.82
2622,c1,c234,0.43
2623,c234,c5,0.22
2624,c5,c234,0.22
2625,c5,c5,0.83
2626,c1,c1,0.7
2627,c1,c234,0.21
2628,c234,c5,0.26
2629,c234,c1,0.83
2630,c5,c5,0.91
2631,c234,c1,0.45
2632,c234,c234,0.33
2633,c234,c234,0.42
2634,c5,c5,0.37
2635,c1,c234,0.65
2636,c5,c234,0.29
2637,c5,c234,0.45
2638,c234,c234,0.58
2639,c234,c234,0.37
2640,c234,c234,0.67
2641,c5,c234,0.44
2642,c1,c234,0.37
2643,c1,c234,0.22
2644,c1,c234,0.27
2645,c5,c234,0.6
2646,c1,c234,0.37
2647,c1,c234,0.61
2648,c1,c234,0.55
2649,c234,c5,0.29
2650,c234,c234,0.25
2651,c234,c234,0.75
2652,c234,c5,0.85
2653,c5,c234,0.29
2654,c5,c5,0.65
2655,c1,c234,0.8
2656,c5,c234,0.27
2657,c5,c5,0.61
2658,c234,c5,0.63
2659,c1,c5,0.76
2660,c1,c234,0.58
2661,c5,c234,0.18
2662,c1,c234,0.59
2663,c1,c234,0.4
2664,c5,c234,0.32
2665,c1,c234,0.61
2666,c5,c234,0.23
2667,c5,c234,0.58
2668,c234,c234,0.28
2669,c1,c5,0.79
2670,c1,c5,0.35
2671,c234,c234,0.35
2672,c5,c5,0.51
2673,c234,c234,0.44
2674,c1,c234,0.59
2675,c234,c5,0.8
2676,c1,c234,0.29
2677,c1,c234,0.56
2678,c5,c5,0.63
2679,c234,c234,0.7
2680,c5,c5,0.27
2681,c5,c234,0.28
2682,c5,c5,0.62
2683,c234,c1,0.97
2684,c5,c234,0.32
2685,c5,c5,0.95
2686,c1,c234,0.5
2687,c1,c1,0.43
2688,c1,c1,0.47
2689,c1,c234,0.33
2690,c234,c234,0.19
2691,c1,c234,0.6
2692,c5,c234,0.15
2693,c1,c234,0.48
2694,c1,c234,0.52
2695,c5,c5,0.34
2696,c5,c5,0.47
2697,c234,c234,0.45
2698,c5,c1,0.29
2699,c1,c234,0.68
2700,c5,c5,0.21
2701,c234,c234,0.72
2702,c234,c234,0.37
2703,c234,c234,0.54
2704,c1,c234,0.62
2705,c1,c5,0.85
2706,c234,c234,0.18
2707,c234,c5,0.76
2708,c1,c234,0.62
2709,c5,c5,0.57
2710,c234,c234,0.27
2711,c1,c5,0.5
2712,c234,c5,0.66
2713,c234,c5,0.81
2714,c1,c234,0.32
2715,c1,c234,0.65
2716,c1,c234,0.47
2717,c1,c234,0.34
2718,c1,c234,0.39
2719,c1,c234,0.67
2720,c5,c1,0.98
2721,c5,c1,0.22
2722,c234,c234,0.25
2723,c1,c1,0.47
2724,c1,c234,0.35
2725,c5,c5,0.83
2726,c234,c5,0.27
2727,c5,c5,0.42
2728,c1,c1,0.73
2729,c5,c234,0.41
2730,c1,c234,0.42
2731,c234,c5,0.83
2732,c234,c234,0.47
2733,c234,c5,0.59
2734,c5,c234,0.66
2735,c5,c234,0.59
2736,c5,c5,0.79
2737,c5,c5,0.4
2738,c5,c5,0.18
2739,c1,c234,0.27
2740,c5,c5,0.92
2741,c1,c1,0.6
2742,c1,c234,0.43
2743,c5,c1,0.18
2744,c5,c234,0.61
2745,c5,c234,0.2
2746,c1,c234,0.22
2747,c234,c1,0.81
2748,c234,c234,0.63
2749,c5,c5,0.84
2750,c1,c1,0.81
2751,c234,c5,0.58
2752,c1,c234,0.21
2753,c1,c234,0.45
2754,c5,c5,0.47
2755,c5,c234,0.35
2756,c1,c234,0.78
2757,c1,c5,0.69
2758,c1,c234,0.36
2759,c1,c234,0.24
2760,c5,c234,0.74
2761,c5,c5,0.56
2762,c234,c234,0.27
2763,c234,c234,0.45
2764,c5,c1,0.25
2765,c1,c5,0.67
2766,c5,c234,0.35
2767,c5,c5,0.76
2768,c1,c234,0.56
2769,c234,c234,0.29
2770,c5,c234,0.35
2771,c5,c234,0.39
2772,c234,c234,0.65
2773,c234,c5,0.38
2774,c234,c234,0.31
2775,c5,c234,0.21
2776,c1,c234,0.62
2777,c234,c234,0.36
2778,c234,c234,0.27
2779,c5,c5,0.5
2780,c234,c234,0.41
2781,c234,c234,0.29
2782,c5,c5,0.34
2783,c234,c5,0.5
2784,c234,c234,0.43
2785,c5,c5,0.3
2786,c5,c5,0.63
2787,c5,c234,0.29
2788,c1,c234,0.65
2789,c5,c5,0.63
2790,c5,c5,0.96
2791,c234,c234,0.51
2792,c234,c234,0.34
2793,c5,c5,0.78
2794,c234,c234,0.32
2795,c234,c1,0.36
2796,c5,c1,0.31
2797,c234,c234,0.53
2798,c234,c5,0.48
2799,c234,c234,0.56
2800,c5,c234,0.18
2801,c5,c234,0.5
2802,c5,c1,0.68
2803,c234,c5,0.64
2804,c5,c234,0.54
2805,c5,c234,0.3
2806,c1,c5,0.3
2807,c234,c234,0.75
2808,c5,c5,0.57
2809,c1,c234,0.26
2810,c5,c234,0.17
2811,c5,c5,0.23
2812,c1,c5,0.43
2813,c234,c234,0.67
2814,c234,c5,0.63
2815,c5,c234,0.18
2816,c1,c234,0.25
2817,c5,c234,0.3
2818,c234,c5,0.89
2819,c234,c5,0.32
2820,c1,c1,0.23
2821,c1,c234,0.5
2822,c234,c234,0.32
2823,c234,c234,0.42
2824,c234,c5,0.4
2825,c1,c5,0.72
2826,c234,c5,0.3
2827,c234,c5,0.85
2828,c5,c1,0.42
2829,c5,c5,0.45
2830,c5,c1,0.39
2831,c234,c1,0.27
2832,c5,c1,0.21
2833,c5,c5,0.39
2834,c5,c1,0.98
2835,c234,c1,0.63
2836,c5,c234,0.51
2837,c1,c234,0.39
2838,c234,c234,0.37
2839,c234,c1,0.37
2840,c234,c1,0.31
2841,c5,c1,0.7
2842,c1,c234,0.62
2843,c1,c1,0.6
2844,c1,c234,0.28
2845,c5,c1,0.31
2846,c5,c5,0.69
2847,c5,c5,0.8
2848,c1,c1,0.25
2849,c5,c234,0.28
2850,c5,c234,0.38
2851,c5,c234,0.62
2852,c234,c1,0.18
2853,c234,c1,0.56
2854,c5,c1,0.4
2855,c234,c234,0.14
2856,c234,c5,0.46
2857,c1,c1,0.34
2858,c234,c1,0.68
2859,c234,c234,0.37
2860,c234,c5,0.44
2861,c5,c1,0.26
2862,c1,c234,0.25
2863,c234,c1,0.24
2864,c234,c5,0.3
2865,c1,c234,0.34
2866,c234,c5,0.48
2867,c234,c234,0.68
2868,c234,c5,0.46
2869,c5,c5,0.25
2870,c1,c5,0.48
2871,c5,c5,0.45
2872,c1,c5,0.61
2873,c5,c234,0.21
2874,c234,c234,0.29
2875,c234,c234,0.29
2876,c5,c1,0.26
2877,c1,c234,0.44
2878,c5,c1,0.49
2879,c234,c234,0.23
2880,c5,c5,0.89
2881,c234,c1,0.4
2882,c234,c5,0.56
2883,c1,c5,0.45
2884,c1,c1,0.67
2885,c5,c234,0.37
2886,c234,c234,0.59
2887,c1,c1,0.15
2888,c1,c234,0.25
2889,c1,c5,0.48
2890,c5,c5,0.78
2891,c5,c234,0.63
2892,c1,c234,0.2
2893,c5,c234,0.13
2894,c5,c5,0.96
2895,c5,c5,0.86
2896,c5,c234,0.67
2897,c5,c1,0.97
2898,c5,c234,0.57
2899,c5,c5,0.66
2900,c1,c1,0.2
2901,c5,c234,0.31
2902,c1,c5,0.32
2903,c234,c5,0.49
2904,c5,c5,0.77
2905,c5,c234,0.16
2906,c1,c1,0.2
2907,c5,c5,0.46
2908,c1,c234,0.75
2909,c5,c234,0.27
2910,c5,c234,0.49
2911,c1,c234,0.55
2912,c1,c234,0.21
2913,c5,c234,0.53
2914,c1,c1,0.4
2915,c5,c5,0.74
2916,c234,c5,0.72
2917,c5,c1,0.82
2918,c1,c234,0.7
2919,c1,c1,0.34
2920,c5,c234,0.3
2921,c234,c5,0.53
2922,c234,c1,0.64
2923,c1,c234,0.54
2924,c5,c234,0.61
2925,c234,c234,0.26
2926,c5,c234,0.56
2927,c1,c234,0.61
2928,c5,c234,0.29
2929,c5,c234,0.54
2930,c234,c234,0.52
2931,c5,c5,0.51
2932,c1,c234,0.55
2933,c1,c234,0.34
2934,c1,c234,0.21
2935,c1,c234,0.32
2936,c234,c234,0.66
2937,c234,c5,0.57
2938,c234,c234,0.33
2939,c5,c5,0.89
2940,c5,c234,0.31
2941,c1,c1,0.27
2942,c234,c234,0.74
2943,c5,c5,0.4
2944,c234,c234,0.41
2945,c234,c5,0.41
2946,c5,c5,0.53
2947,c234,c5,0.43
2948,c1,c234,0.48
2949,c5,c5,0.59
2950,c1,c234,0.38
2951,c234,c1,0.41
2952,c234,c234,0.28
2953,c5,c234,0.28
2954,c5,c5,0.4
2955,c5,c5,0.87
2956,c5,c234,0.31
2957,c234,c234,0.74
2958,c1,c5,0.11
2959,c5,c234,0.45
2960,c5,c1,0.44
2961,c1,c5,0.41
2962,c5,c5,0.91
2963,c1,c5,0.62
2964,c1,c234,0.45
2965,c5,c1,0.39
2966,c5,c234,0.64
2967,c234,c234,0.61
2968,c234,c234,0.31
2969,c5,c5,0.46
2970,c5,c5,0.56
2971,c5,c1,0.81
2972,c234,c234,0.46
2973,c1,c234,0.72
2974,c1,c234,0.55
2975,c234,c1,0.33
2976,c1,c1,0.42
2977,c1,c234,0.66
2978,c234,c234,0.4
2979,c1,c5,0.93
2980,c234,c234,0.46
2981,c1,c1,0.25
2982,c1,c1,0.2
2983,c234,c234,0.31
2984,c1,c5,0.68
2985,c234,c1,0.29
2986,c5,c234,0.62
2987,c5,c5,0.51
2988,c1,c234,0.28
2989,c234,c5,0.3
2990,c234,c5,0.61
2991,c234,c234,0.46
2992,c5,c1,0.29
2993,c5,c234,0.6
2994,c234,c234,0.37
2995,c5,c5,0.58
2996,c234,c5,0.29
2997,c234,c5,0.54
2998,c234,c1,0.26
2999,c234,c234,0.27
3000,c1,c234,0.61
3001,c234,c234,0.63
3002,c1,c5,0.65
3003,c234,c5,0.82
3004,c234,c5,0.4
3005,c234,c234,0.26
3006,c234,c234,0.75
3007,c234,c5,0.58
3008,c5,c234,0.26
3009,c234,c1,0.53
3010,c5,c1,0.85
3011,c234,c234,0.33
3012,c234,c1,0.29
3013,c5,c5,0.82
3014,c234,c234,0.71
3015,c1,c234,0.71
3016,c5,c234,0.67
3017,c5,c234,0.3
3018,c234,c234,0.45
3019,c234,c234,0.22
3020,c5,c5,0.59
3021,c1,c5,0.28
3022,c234,c234,0.27
3023,c5,c5,0.64
3024,c1,c5,0.73
3025,c234,c1,0.65
3026,c5,c234,0.39
3027,c234,c234,0.62
3028,c5,c1,0.18
3029,c234,c234,0.61
3030,c234,c5,0.88
3031,c1,c1,0.75
3032,c234,c5,0.38
3033,c1,c234,0.54
3034,c234,c234,0.54
3035,c1,c234,0.53
3036,c1,c234,0.36
3037,c234,c5,0.57
3038,c5,c5,0.38
3039,c5,c5,0.65
3040,c5,c234,0.15
3041,c234,c234,0.36
3042,c1,c234,0.25
3043,c234,c234,0.3
3044,c1,c234,0.35
3045,c1,c234,0.44
3046,c1,c234,0.3
3047,c1,c234,0.34
3048,c234,c234,0.41
3049,c234,c1,0.85
3050,c234,c234,0.6
3051,c234,c5,0.63
3052,c1,c234,0.23
3053,c234,c234,0.68
3054,c234,c234,0.21
3055,c1,c234,0.15
3056,c234,c5,0.35
3057,c234,c234,0.73
3058,c1,c5,0.24
3059,c5,c5,0.14
3060,c5,c234,0.34
3061,c5,c5,0.76
3062,c1,c234,0.7
3063,c1,c5,0.46
3064,c5,c5,0.36
3065,c1,c5,0.43
3066,c234,c234,0.32
3067,c5,c1,0.68
3068,c1,c234,0.65
3069,c5,c5,0.8
3070,c234,c234,0.48
3071,c5,c5,0.29
3072,c5,c234,0.35
3073,c5,c1,0.45
3074,c1,c1,0.78
3075,c1,c1,0.88
3076,c1,c1,0.97
3077,c1,c1,0.8
3078,c234,c234,0.31
3079,c1,c234,0.63
3080,c5,c5,0.62
3081,c1,c234,0.37
3082,c5,c5,0.45
3083,c1,c234,0.3
3084,c234,c1,0.34
3085,c5,c5,0.42
3086,c1,c5,0.5
3087,c234,c234,0.42
3088,c5,c5,0.7
3089,c1,c234,0.66
3090,c1,c234,0.41
3091,c1,c234,0.13
3092,c5,c5,0.71
3093,c1,c5,0.82
3094,c1,c234,0.67
3095,c5,c5,0.36
3096,c1,c234,0.37
3097,c5,c1,0.36
3098,c234,c5,0.71
3099,c1,c1,0.67
3100,c1,c234,0.11
3101,c234,c5,0.21
3102,c234,c1,0.41
3103,c1,c234,0.19
3104,c234,c1,0.36
3105,c5,c234,0.59
3106,c5,c234,0.37
3107,c5,c234,0.57
3108,c5,c5,0.46
3109,c234,c234,0.5
3110,c234,c5,0.32
3111,c5,c234,0.4
3112,c1,c234,0.6
3113,c5,c1,0.46
3114,c1,c234,0.51
3115,c234,c234,0.39
3116,c1,c1,0.31
3117,c234,c234,0.22
3118,c1,c234,0.55
3119,c234,c5,0.89
3120,c5,c5,0.82
3121,c234,c234,0.66
3122,c1,c234,0.31
3123,c1,c234,0.5
3124,c234,c5,0.6
3125,c5,c5,0.3
3126,c234,c5,0.27
3127,c234,c5,0.33
3128,c5,c5,0.56
3129,c5,c5,0.32
3130,c234,c234,0.31
3131,c1,c5,0.75
3132,c5,c5,0.85
3133,c234,c234,0.37
3134,c1,c5,0.25
3135,c1,c234,0.5
3136,c234,c234,0.64
3137,c5,c234,0.55
3138,c5,c5,0.9
3139,c234,c234,0.61
3140,c5,c5,0.28
3141,c234,c234,0.52
3142,c1,c234,0.53
3143,c234,c234,0.67
3144,c5,c5,0.49
3145,c234,c5,0.5
3146,c234,c234,0.36
3147,c234,c234,0.41
3148,c1,c5,0.35
3149,c1,c5,0.41
3150,c234,c234,0.44
3151,c234,c234,0.45
3152,c1,c5,0.37
3153,c234,c234,0.53
3154,c1,c5,0.71
3155,c5,c234,0.41
3156,c1,c5,0.56
3157,c5,c5,0.64
3158,c5,c5,0.1
3159,c234,c1,0.42
3160,c234,c5,0.39
3161,c5,c5,0.84
3162,c5,c5,0.45
3163,c5,c5,0.28
3164,c234,c234,0.29
3165,c1,c234,0.43
3166,c1,c234,0.38
3167,c234,c234,0.28
3168,c234,c5,0.25
3169,c1,c234,0.15
3170,c5,c5,0.54
3171,c5,c5,0.87
3172,c234,c234,0.71
3173,c5,c234,0.38
3174,c1,c234,0.23
3175,c234,c5,0.37
3176,c5,c234,0.3
3177,c5,c5,0.57
3178,c1,c234,0.33
3179,c1,c5,0.52
3180,c1,c234,0.44
3181,c1,c234,0.5
3182,c234,c5,0.43
3183,c1,c1,0.28
3184,c234,c234,0.62
3185,c5,c234,0.28
3186,c1,c234,0.6
3187,c5,c5,0.43
3188,c5,c1,0.27
3189,c234,c1,0.16
3190,c5,c5,0.87
3191,c5,c5,0.47
3192,c234,c5,0.69
3193,c5,c5,0.73
3194,c5,c234,0.59
3195,c5,c1,0.23
3196,c5,c5,0.63
3197,c1,c5,0.64
3198,c1,c5,0.57
3199,c5,c234,0.29
3200,c1,c5,0.62
3201,c5,c234,0.23
3202,c1,c1,0.94
3203,c1,c234,0.24
3204,c1,c5,0.64
3205,c5,c234,0.34
3206,c5,c234,0.36
3207,c5,c234,0.53
3208,c234,c234,0.57
3209,c5,c234,0.49
3210,c5,c5,0.37
3211,c234,c234,0.48
3212,c1,c5,0.36
3213,c234,c5,0.51
3214,c234,c234,0.66
3215,c234,c5,0.19
3216,c1,c234,0.23
3217,c5,c5,0.77
3218,c5,c1,0.7
3219,c234,c5,0.28
3220,c5,c5,0.69
3221,c1,c1,0.3
3222,c5,c5,0.56
3223,c234,c234,0.28
3224,c1,c5,0.49
3225,c1,c1,0.28
3226,c1,c5,0.47
3227,c1,c234,0.32
3228,c5,c5,0.75
3229,c234,c5,0.41
3230,c234,c5,0.43
3231,c234,c234,0.22
3232,c234,c5,0.89
3233,c234,c234,0.63
3234,c234,c234,0.26
3235,c5,c234,0.35
3236,c1,c234,0.21
3237,c5,c5,0.94
3238,c5,c5,0.84
3239,c234,c1,0.21
3240,c5,c234,0.46
3241,c5,c5,0.78
3242,c5,c1,0.62
3243,c234,c5,0.35
3244,c234,c5,0.86
3245,c5,c5,0.13
3246,c1,c234,0.34
3247,c234,c234,0.39
3248,c234,c5,0.62
3249,c1,c234,0.54
3250,c234,c234,0.58
3251,c1,c5,0.54
3252,c1,c5,0.71
3253,c5,c234,0.33
3254,c5,c234,0.18
3255,c5,c234,0.36
3256,c1,c5,0.58
3257,c1,c234,0.19
3258,c234,c1,0.49
3259,c1,c234,0.66
3260,c1,c5,0.27
3261,c5,c5,0.26
3262,c5,c234,0.4
3263,c234,c1,0.46
3264,c1,c234,0.24
3265,c1,c234,0.59
3266,c234,c234,0.54
3267,c5,c234,0.29
3268,c5,c5,0.48
3269,c1,c234,0.25
3270,c5,c1,0.36
3271,c5,c234,0.15
3272,c5,c5,0.84
3273,c234,c234,0.6
3274,c1,c1,0.22
3275,c1,c234,0.33
3276,c1,c5,0.5
3277,c1,c5,0.85
3278,c5,c5,0.36
3279,c234,c234,0.17
3280,c234,c234,0.25
3281,c1,c5,0.79
3282,c234,c234,0.53
3283,c5,c5,0.63
3284,c234,c234,0.31
3285,c234,c234,0.31
3286,c5,c234,0.8
3287,c5,c5,0.66
3288,c1,c234,0.18
3289,c5,c234,0.58
3290,c5,c5,0.57
3291,c5,c1,0.59
3292,c234,c234,0.63
3293,c1,c1,0.14
3294,c234,c5,0.36
3295,c234,c234,0.58
3296,c5,c5,0.62
3297,c5,c234,0.12
3298,c1,c1,0.35
3299,c234,c234,0.5
3300,c1,c234,0.61
3301,c5,c234,0.67
3302,c1,c234,0.26
3303,c1,c234,0.61
3304,c1,c5,0.59
3305,c234,c1,0.23
3306,c5,c234,0.45
3307,c1,c234,0.54
3308,c5,c5,0.58
3309,c5,c5,0.38
3310,c5,c234,0.27
3311,c234,c234,0.34
3312,c234,c234,0.24
3313,c5,c234,0.23
3314,c234,c5,0.45
3315,c5,c5,0.56
3316,c5,c5,0.74
3317,c234,c5,0.68
3318,c5,c234,0.17
3319,c5,c5,0.54
3320,c1,c1,0.75
3321,c1,c234,0.12
3322,c234,c234,0.25
3323,c1,c5,0.4
3324,c5,c5,0.79
3325,c234,c1,0.48
3326,c5,c234,0.38
3327,c234,c234,0.67
3328,c5,c5,0.62
3329,c1,c234,0.3
3330,c1,c234,0.34
3331,c234,c5,0.85
3332,c5,c5,0.5
3333,c1,c5,0.63
3334,c234,c234,0.45
3335,c1,c5,0.27
3336,c234,c234,0.54
3337,c5,c234,0.24
3338,c234,c5,0.35
3339,c234,c5,0.43
3340,c234,c5,0.38
3341,c1,c234,0.28
3342,c1,c1,0.31
3343,c234,c5,0.25
3344,c5,c234,0.51
3345,c234,c5,0.41
3346,c234,c234,0.19
3347,c234,c234,0.48
3348,c234,c234,0.45
3349,c234,c5,0.48
3350,c5,c234,0.29
3351,c5,c234,0.26
3352,c234,c5,0.75
3353,c234,c234,0.28
3354,c234,c1,0.75
3355,c234,c234,0.22
3356,c234,c5,0.58
3357,c1,c1,0.94
3358,c5,c234,0.25
3359,c234,c1,0.52
3360,c5,c234,0.52
3361,c234,c1,0.49
3362,c1,c234,0.56
3363,c1,c5,0.34
3364,c234,c234,0.56
3365,c234,c1,0.65
3366,c1,c234,0.34
3367,c234,c5,0.56
3368,c1,c234,0.52
3369,c234,c234,0.73
3370,c234,c234,0.33
3371,c234,c5,0.48
3372,c234,c234,0.62
3373,c234,c234,0.5
3374,c234,c5,0.96
3375,c5,c234,0.43
3376,c5,c5,0.72
3377,c1,c234,0.48
3378,c5,c234,0.16
3379,c5,c234,0.26
3380,c1,c5,0.56
3381,c5,c234,0.32
3382,c1,c234,0.22
3383,c234,c1,0.05
3384,c234,c234,0.31
3385,c234,c234,0.43
3386,c5,c234,0.49
3387,c234,c234,0.66
3388,c234,c234,0.54
3389,c1,c234,0.41
3390,c1,c234,0.67
3391,c5,c234,0.42
3392,c1,c234,0.39
3393,c234,c5,0.57
3394,c1,c234,0.46
3395,c234,c234,0.44
3396,c234,c1,0.19
3397,c234,c234,0.62
3398,c1,c234,0.36
3399,c5,c5,0.13
3400,c234,c5,0.25
3401,c234,c5,0.44
3402,c5,c234,0.22
3403,c234,c1,0.42
3404,c234,c5,0.51
3405,c1,c234,0.62
3406,c5,c5,0.64
3407,c5,c5,0.4
3408,c234,c5,0.35
3409,c5,c5,0.74
3410,c5,c234,0.65
3411,c1,c234,0.53
3412,c1,c234,0.65
3413,c1,c234,0.54
3414,c1,c5,0.26
3415,c234,c5,0.26
3416,c5,c234,0.58
3417,c5,c5,0.82
3418,c234,c234,0.63
3419,c234,c5,0.85
3420,c5,c234,0.55
3421,c234,c234,0.32
3422,c5,c234,0.61
3423,c5,c5,0.77
3424,c5,c5,0.85
3425,c234,c234,0.31
3426,c1,c234,0.44
3427,c5,c234,0.19
3428,c234,c5,0.87
3429,c234,c234,0.33
3430,c234,c234,0.44
3431,c5,c5,0.32
3432,c234,c5,0.27
3433,c5,c234,0.33
3434,c234,c5,0.47
3435,c1,c234,0.54
3436,c5,c5,0.65
3437,c1,c234,0.64
3438,c1,c234,0.68
3439,c234,c234,0.32
3440,c1,c234,0.49
3441,c5,c5,0.32
3442,c234,c234,0.69
3443,c5,c5,0.88
3444,c1,c234,0.55
3445,c234,c5,0.66
3446,c5,c234,0.27
3447,c5,c5,0.42
3448,c234,c1,0.86
3449,c234,c5,0.29
3450,c1,c234,0.23
3451,c1,c234,0.56
3452,c1,c234,0.72
3453,c234,c234,0.36
3454,c5,c5,0.6
3455,c234,c5,0.45
3456,c234,c5,0.32
3457,c5,c1,0.24
3458,c234,c234,0.35
3459,c234,c234,0.25
3460,c1,c5,0.34
3461,c1,c5,0.54
3462,c234,c1,0.56
3463,c234,c5,0.72
3464,c234,c5,0.41
3465,c1,c234,0.62
3466,c234,c5,0.56
3467,c234,c5,0.32
3468,c234,c1,0.16
3469,c5,c234,0.45
3470,c234,c5,0.51
3471,c234,c234,0.16
3472,c5,c234,0.63
3473,c234,c1,0.27
3474,c5,c1,0.34
3475,c1,c234,0.47
3476,c5,c234,0.43
3477,c234,c234,0.41
3478,c5,c5,0.54
3479,c234,c5,0.24
3480,c234,c5,0.89
3481,c5,c1,0.3
3482,c234,c5,0.73
3483,c1,c234,0.46
3484,c234,c234,0.64
3485,c234,c234,0.32
3486,c234,c5,0.82
3487,c1,c234,0.26
3488,c5,c5,0.41
3489,c1,c234,0.53
3490,c234,c5,0.64
3491,c1,c234,0.29
3492,c1,c1,0.67
3493,c234,c5,0.3
3494,c5,c5,0.89
3495,c1,c234,0.43
3496,c234,c5,0.57
3497,c1,c1,0.97
3498,c234,c1,0.7
3499,c1,c234,0.71
3500,c234,c234,0.38
3501,c234,c5,0.21
3502,c5,c234,0.49
3503,c1,c5,0.43
3504,c234,c5,0.64
3505,c5,c5,0.83
3506,c1,c234,0.56
3507,c234,c234,0.32
3508,c5,c5,0.44
3509,c1,c234,0.56
3510,c234,c1,0.23
3511,c5,c234,0.54
3512,c5,c5,0.39
3513,c234,c234,0.58
3514,c5,c234,0.67
3515,c1,c1,0.21
3516,c234,c234,0.49
3517,c234,c234,0.43
3518,c234,c234,0.45
3519,c234,c1,0.84
3520,c5,c234,0.31
3521,c5,c5,0.35
3522,c5,c5,0.79
3523,c1,c234,0.28
3524,c234,c234,0.13
3525,c1,c5,0.48
3526,c1,c234,0.53
3527,c1,c1,0.16
3528,c1,c5,0.51
3529,c1,c234,0.15
3530,c234,c234,0.56
3531,c1,c5,0.52
3532,c234,c234,0.35
3533,c234,c1,0.25
3534,c1,c5,0.36
3535,c5,c5,0.65
3536,c1,c1,0.88
3537,c5,c5,0.53
3538,c5,c234,0.31
3539,c234,c1,0.73
3540,c234,c234,0.38
3541,c1,c234,0.53
3542,c1,c234,0.71
3543,c1,c234,0.47
3544,c1,c234,0.3
3545,c5,c234,0.52
3546,c234,c5,0.6
3547,c1,c5,0.3
3548,c234,c5,0.38
3549,c5,c234,0.34
3550,c234,c234,0.2
3551,c5,c5,0.9
3552,c234,c234,0.34
3553,c5,c5,0.24
3554,c234,c5,0.29
3555,c234,c234,0.2
3556,c234,c234,0.15
3557,c234,c1,0.93
3558,c5,c5,0.62
3559,c5,c234,0.29
3560,c1,c1,0.31
3561,c5,c5,0.94
3562,c234,c234,0.29
3563,c1,c5,0.59
3564,c5,c5,0.33
3565,c5,c1,0.28
3566,c5,c234,0.42
3567,c234,c234,0.4
3568,c234,c5,0.33
3569,c5,c1,0.85
3570,c1,c234,0.26
3571,c1,c1,0.64
3572,c5,c5,0.66
3573,c1,c1,0.43
3574,c234,c234,0.31
3575,c1,c234,0.43
3576,c5,c5,0.24
3577,c234,c5,0.47
3578,c234,c234,0.42
3579,c234,c234,0.42
3580,c234,c1,0.3
3581,c1,c234,0.36
3582,c5,c5,0.71
3583,c1,c234,0.6
3584,c1,c234,0.54
3585,c5,c5,0.83
3586,c234,c234,0.37
3587,c234,c1,0.86
3588,c5,c5,0.29
3589,c5,c5,0.88
3590,c234,c234,0.29
3591,c5,c5,0.28
3592,c234,c1,0.26
3593,c234,c234,0.48
3594,c234,c234,0.4
3595,c5,c5,0.39
3596,c1,c5,0.7
3597,c234,c1,0.41
3598,c1,c234,0.37
3599,c1,c234,0.3
3600,c1,c5,0.55
3601,c234,c1,0.21
3602,c234,c1,0.37
3603,c5,c234,0.23
3604,c5,c234,0.41
3605,c234,c234,0.3
3606,c5,c5,0.13
3607,c5,c234,0.64
3608,c1,c234,0.22
3609,c234,c1,0.23
3610,c5,c234,0.38
3611,c234,c5,0.32
3612,c5,c5,0.67
3613,c5,c5,0.65
3614,c1,c234,0.7
3615,c234,c5,0.27
3616,c1,c234,0.33
3617,c1,c1,0.93
3618,c5,c1,0.64
3619,c1,c5,0.46
3620,c234,c234,0.3
3621,c1,c5,0.54
3622,c5,c234,0.44
3623,c1,c1,0.45
3624,c234,c234,0.71
3625,c5,c5,0.62
3626,c5,c5,0.4
3627,c234,c234,0.12
3628,c5,c1,0.42
3629,c1,c234,0.61
3630,c1,c1,0.66
3631,c5,c5,0.55
3632,c1,c234,0.64
3633,c234,c234,0.3
3634,c234,c5,0.42
3635,c5,c1,0.9
3636,c234,c234,0.4
3637,c234,c5,0.74
3638,c234,c5,0.39
3639,c234,c234,0.72
3640,c234,c5,0.71
3641,c234,c234,0.32
3642,c5,c234,0.11
3643,c1,c234,0.62
3644,c1,c234,0.5
3645,c5,c5,0.54
3646,c1,c234,0.28
3647,c234,c234,0.7
3648,c5,c5,0.59
3649,c234,c1,0.75
3650,c1,c1,0.31
3651,c1,c234,0.34
3652,c234,c5,0.52
3653,c234,c234,0.44
3654,c1,c234,0.3
3655,c5,c234,0.44
3656,c5,c5,0.2
3657,c1,c234,0.54
3658,c234,c234,0.63
3659,c234,c5,0.51
3660,c1,c234,0.48
3661,c1,c234,0.28
3662,c5,c5,0.72
3663,c5,c5,0.85
3664,c234,c234,0.26
3665,c1,c5,0.57
3666,c234,c1,0.18
3667,c1,c5,0.36
3668,c5,c5,0.6
3669,c5,c234,0.29
3670,c5,c5,0.43
3671,c1,c1,0.82
3672,c1,c234,0.71
3673,c234,c5,0.31
3674,c1,c234,0.29
3675,c5,c5,0.49
3676,c5,c5,0.26
3677,c1,c234,0.36
3678,c234,c234,0.34
3679,c1,c1,0.97
3680,c5,c5,0.41
3681,c234,c5,0.81
3682,c5,c234,0.34
3683,c1,c5,0.6
3684,c234,c234,0.3
3685,c5,c5,0.23
3686,c5,c5,0.32
3687,c5,c5,0.73
3688,c5,c5,0.79
3689,c234,c234,0.11
3690,c1,c234,0.41
3691,c1,c234,0.42
3692,c234,c234,0.75
3693,c5,c234,0.43
3694,c234,c234,0.3
3695,c5,c234,0.28
3696,c234,c5,0.6
3697,c1,c1,0.36
3698,c1,c234,0.38
3699,c234,c5,0.63
3700,c5,c5,0.32
3701,c1,c5,0.28
3702,c1,c234,0.46
3703,c234,c1,0.95
3704,c234,c234,0.58
3705,c234,c5,0.58
3706,c5,c5,0.8
3707,c5,c5,0.59
3708,c234,c234,0.52
3709,c5,c234,0.21
3710,c1,c234,0.29
3711,c234,c1,0.61
3712,c234,c5,0.83
3713,c1,c1,0.66
3714,c5,c1,0.83
3715,c5,c5,0.82
3716,c5,c5,0.63
3717,c5,c5,0.93
3718,c5,c234,0.52
3719,c234,c1,0.89
3720,c1,c234,0.48
3721,c1,c234,0.47
3722,c234,c1,0.97
3723,c234,c234,0.25
3724,c1,c1,0.91
3725,c234,c234,0.26
3726,c234,c234,0.54
3727,c234,c5,0.93
3728,c5,c234,0.21
3729,c1,c234,0.45
3730,c234,c234,0.45
3731,c5,c5,0.41
3732,c1,c234,0.68
3733,c5,c1,0.48
3734,c234,c5,0.49
3735,c1,c234,0.54
3736,c1,c5,0.64
3737,c1,c234,0.65
3738,c234,c234,0.28
3739,c234,c5,0.59
3740,c1,c234,0.58
3741,c5,c5,0.7
3742,c5,c234,0.34
3743,c1,c234,0.14
3744,c5,c1,0.87
3745,c1,c234,0.45
3746,c1,c1,0.64
3747,c5,c5,0.34
3748,c1,c234,0.47
3749,c234,c234,0.24
3750,c5,c1,0.25
3751,c1,c234,0.54
3752,c1,c5,0.37
3753,c5,c234,0.21
3754,c234,c1,0.98
3755,c5,c1,0.15
3756,c234,c234,0.6
3757,c234,c234,0.63
3758,c1,c234,0.57
3759,c5,c1,0.7
3760,c1,c234,0.65
3761,c5,c5,0.17
3762,c1,c5,0.72
3763,c1,c234,0.56
3764,c1,c5,0.54
3765,c5,c234,0.23
3766,c234,c5,0.44
3767,c1,c1,0.71
3768,c5,c1,0.28
3769,c1,c234,0.53
3770,c5,c234,0.47
3771,c5,c5,0.25
3772,c234,c5,0.73
3773,c5,c5,0.45
3774,c1,c1,0.76
3775,c234,c5,0.4
3776,c5,c1,0.99
3777,c234,c1,0.97
3778,c5,c5,0.24
3779,c234,c5,0.56
3780,c5,c5,0.51
3781,c1,c234,0.62
3782,c5,c234,0.62
3783,c234,c234,0.62
3784,c1,c234,0.47
3785,c5,c5,0.9
3786,c1,c234,0.7
3787,c5,c5,0.32
3788,c234,c5,0.52
3789,c5,c5,0.2
3790,c1,c234,0.52
3791,c1,c234,0.42
3792,c5,c5,0.21
3793,c5,c234,0.34
3794,c5,c234,0.68
3795,c234,c234,0.38
3796,c234,c234,0.44
3797,c234,c234,0.47
3798,c5,c234,0.14
3799,c234,c1,0.29
3800,c234,c5,0.43
3801,c1,c234,0.28
3802,c5,c5,0.75
3803,c234,c234,0.13
3804,c5,c5,0.34
3805,c234,c234,0.59
3806,c1,c234,0.63
3807,c234,c234,0.39
3808,c1,c1,0.21
3809,c5,c5,0.37
3810,c1,c1,0.55
3811,c5,c1,0.96
3812,c234,c234,0.33
3813,c5,c234,0.46
3814,c1,c5,0.53
3815,c5,c5,0.34
3816,c234,c234,0.23
3817,c5,c5,0.82
3818,c234,c234,0.7
3819,c1,c1,0.44
3820,c1,c234,0.45
3821,c1,c5,0.47
3822,c234,c5,0.56
3823,c5,c5,0.05
3824,c234,c234,0.61
3825,c1,c234,0.29
3826,c234,c5,0.24
3827,c234,c234,0.57
3828,c234,c1,0.91
3829,c5,c5,0.55
3830,c234,c234,0.15
3831,c1,c234,0.52
3832,c234,c5,0.44
3833,c5,c1,0.73
3834,c1,c234,0.65
3835,c5,c5,0.6
3836,c234,c5,0.54
3837,c5,c234,0.25
3838,c1,c234,0.6
3839,c234,c1,0.43
3840,c234,c234,0.38
3841,c1,c234,0.53
3842,c1,c234,0.47
3843,c5,c1,0.98
3844,c234,c234,0.25
3845,c234,c5,0.24
3846,c5,c234,0.58
3847,c234,c1,0.43
3848,c234,c5,0.53
3849,c234,c234,0.17
3850,c5,c5,0.18
3851,c5,c234,0.48
3852,c1,c234,0.58
3853,c5,c1,0.23
3854,c234,c5,0.22
3855,c234,c5,0.54
3856,c5,c5,0.88
3857,c234,c234,0.7
3858,c234,c1,0.81
3859,c234,c234,0.54
3860,c5,c234,0.5
3861,c1,c234,0.62
3862,c234,c5,0.86
3863,c1,c234,0.53
3864,c234,c5,0.47
3865,c1,c5,0.33
3866,c5,c234,0.42
3867,c5,c5,0.42
3868,c1,c5,0.29
3869,c1,c234,0.36
3870,c1,c234,0.27
3871,c5,c234,0.16
3872,c234,c5,0.22
3873,c1,c1,0.29
3874,c1,c5,0.25
3875,c5,c234,0.41
3876,c1,c234,0.59
3877,c5,c5,0.25
3878,c234,c5,0.7
3879,c1,c1,0.66
3880,c1,c5,0.5
3881,c5,c234,0.26
3882,c234,c1,0.49
3883,c234,c234,0.68
3884,c1,c5,0.4
3885,c234,c5,0.3
3886,c1,c5,0.69
3887,c1,c234,0.23
3888,c5,c5,0.6
3889,c234,c234,0.52
3890,c1,c234,0.51
3891,c5,c234,0.28
3892,c1,c234,0.24
3893,c1,c5,0.28
3894,c1,c5,0.44
3895,c1,c1,0.46
3896,c1,c234,0.64
3897,c5,c5,0.2
3898,c5,c5,0.52
3899,c5,c1,0.58
3900,c234,c234,0.85
3901,c5,c234,0.25
3902,c234,c234,0.51
3903,c234,c5,0.89
3904,c1,c1,0.32
3905,c234,c234,0.25
3906,c234,c5,0.43
3907,c234,c5,0.71
3908,c234,c234,0.25
3909,c1,c5,0.2
3910,c234,c5,0.61
3911,c5,c5,0.58
3912,c1,c5,0.58
3913,c1,c5,0.49
3914,c5,c5,0.34
3915,c1,c234,0.54
3916,c234,c5,0.44
3917,c5,c5,0.44
3918,c5,c234,0.2
3919,c1,c1,0.24
3920,c5,c234,0.42
3921,c5,c5,0.28
3922,c1,c1,0.23
3923,c5,c5,0.33
3924,c234,c234,0.67
3925,c5,c5,0.44
3926,c1,c234,0.56
3927,c234,c5,0.79
3928,c5,c234,0.39
3929,c234,c1,0.31
3930,c1,c234,0.55
3931,c234,c5,0.69
3932,c5,c234,0.57
3933,c234,c234,0.54
3934,c1,c5,0.79
3935,c234,c234,0.39
3936,c1,c5,0.49
3937,c5,c234,0.43
3938,c5,c5,0.43
3939,c234,c234,0.61
3940,c1,c234,0.61
3941,c5,c5,0.39
3942,c5,c5,0.59
3943,c5,c234,0.25
3944,c5,c234,0.29
3945,c5,c5,0.75
3946,c1,c5,0.75
3947,c5,c5,0.91
3948,c5,c234,0.27
3949,c5,c234,0.61
3950,c234,c234,0.57
3951,c1,c1,0.36
3952,c5,c234,0.6
3953,c5,c234,0.66
3954,c5,c234,0.78
3955,c1,c234,0.27
3956,c234,c234,0.61
3957,c1,c5,0.48
3958,c5,c5,0.86
3959,c5,c234,0.58
3960,c234,c234,0.28
3961,c5,c5,0.87
3962,c1,c1,0.23
3963,c1,c234,0.65
3964,c234,c234,0.71
3965,c234,c5,0.81
3966,c234,c1,0.53
3967,c1,c234,0.16
3968,c5,c5,0.43
3969,c1,c234,0.31
3970,c234,c234,0.52
3971,c234,c1,0.82
3972,c234,c234,0.31
3973,c5,c5,0.06
3974,c234,c5,0.59
3975,c234,c234,0.33
3976,c5,c5,0.79
3977,c1,c5,0.41
3978,c234,c234,0.73
3979,c234,c5,0.24
3980,c1,c234,0.42
3981,c234,c5,0.26
3982,c234,c234,0.64
3983,c234,c234,0.49
3984,c1,c234,0.62
3985,c234,c234,0.31
3986,c234,c1,0.49
3987,c1,c234,0.4
3988,c5,c5,0.4
3989,c1,c234,0.67
3990,c1,c5,0.84
3991,c1,c1,0.96
3992,c5,c5,0.46
3993,c5,c5,0.41
3994,c5,c234,0.5
3995,c234,c234,0.48
3996,c1,c1,0.26
3997,c234,c234,0.34
3998,c1,c5,0.43
3999,c1,c1,0.15
4000,c234,c234,0.33
4001,c234,c234,0.35
4002,c1,c234,0.53
4003,c1,c5,0.56
4004,c234,c5,0.58
4005,c234,c1,0.28
4006,c5,c5,0.91
4007,c234,c1,0.93
4008,c1,c234,0.32
4009,c5,c234,0.36
4010,c5,c5,0.72
4011,c1,c1,0.15
4012,c1,c1,0.62
4013,c1,c234,0.54
4014,c234,c234,0.71
4015,c234,c234,0.41
4016,c1,c5,0.5
4017,c5,c5,0.62
4018,c5,c5,0.34
4019,c1,c234,0.25
4020,c234,c234,0.61
4021,c5,c5,0.5
4022,c234,c234,0.49
4023,c5,c234,0.64
4024,c1,c1,0.95
4025,c5,c234,0.73
4026,c5,c5,0.71
4027,c5,c5,0.71
4028,c5,c234,0.21
4029,c1,c5,0.9
4030,c5,c5,0.21
4031,c1,c234,0.31
4032,c234,c5,0.39
4033,c1,c234,0.6
4034,c234,c5,0.47
4035,c5,c234,0.25
4036,c234,c234,0.6
4037,c1,c5,0.5
4038,c234,c234,0.73
4039,c5,c5,0.7
4040,c234,c234,0.44
4041,c1,c5,0.36
4042,c1,c5,0.46
4043,c1,c1,0.75
4044,c5,c5,0.85
4045,c1,c234,0.33
4046,c5,c234,0.68
4047,c1,c5,0.35
4048,c5,c5,0.27
4049,c234,c234,0.74
4050,c5,c5,0.83
4051,c234,c5,0.35
4052,c5,c234,0.41
4053,c234,c234,0.68
4054,c1,c234,0.15
4055,c234,c1,0.15
4056,c234,c234,0.76
4057,c5,c234,0.46
4058,c234,c5,0.8
4059,c5,c234,0.53
4060,c1,c234,0.64
4061,c5,c1,0.27
4062,c234,c5,0.63
4063,c1,c234,0.42
4064,c5,c5,0.83
4065,c1,c5,0.31
4066,c1,c234,0.32
4067,c5,c234,0.4
4068,c1,c1,0.61
4069,c1,c234,0.31
4070,c5,c234,0.47
4071,c1,c234,0.43
4072,c5,c5,0.87
4073,c234,c1,0.24
4074,c234,c5,0.14
4075,c5,c234,0.75
4076,c234,c1,0.53
4077,c234,c234,0.43
4078,c5,c5,0.78
4079,c234,c5,0.62
4080,c234,c1,0.09
4081,c234,c234,0.36
4082,c1,c5,0.29
4083,c1,c234,0.45
4084,c5,c234,0.18
4085,c5,c234,0.48
4086,c5,c234,0.25
4087,c1,c234,0.51
4088,c1,c1,0.95
4089,c5,c5,0.68
4090,c5,c5,0.64
4091,c5,c234,0.55
4092,c234,c5,0.37
4093,c5,c5,0.64
4094,c1,c5,0.52
4095,c234,c234,0.39
4096,c1,c234,0.41
4097,c5,c234,0.45
4098,c5,c1,0.39
4099,c5,c234,0.26
4100,c234,c234,0.7
4101,c234,c234,0.51
4102,c5,c1,0.92
4103,c5,c234,0.64
4104,c234,c234,0.24
4105,c1,c234,0.41
4106,c1,c234,0.43
4107,c234,c5,0.34
4108,c234,c234,0.55
4109,c5,c1,0.91
4110,c234,c234,0.59
4111,c1,c5,0.76
4112,c5,c234,0.53
4113,c5,c234,0.69
4114,c234,c234,0.73
4115,c234,c234,0.63
4116,c5,c5,0.37
4117,c5,c5,0.86
4118,c1,c234,0.53
4119,c5,c5,0.32
4120,c5,c5,0.57
4121,c5,c5,0.41
4122,c234,c234,0.4
4123,c1,c1,0.32
4124,c234,c234,0.59
4125,c1,c5,0.85
4126,c234,c234,0.55
4127,c1,c234,0.37
4128,c1,c234,0.48
4129,c5,c234,0.4
4130,c234,c234,0.39
4131,c1,c5,0.28
4132,c1,c5,0.54
4133,c1,c234,0.45
4134,c1,c234,0.31
4135,c1,c5,0.52
4136,c5,c5,0.69
4137,c1,c234,0.46
4138,c1,c5,0.66
4139,c5,c5,0.29
4140,c234,c234,0.4
4141,c234,c234,0.25
4142,c1,c5,0.49
4143,c1,c1,0.7
4144,c5,c234,0.74
4145,c1,c5,0.82
4146,c5,c5,0.57
4147,c234,c5,0.76
4148,c1,c234,0.29
4149,c234,c5,0.57
4150,c5,c5,0.24
4151,c234,c5,0.44
4152,c234,c1,0.46
4153,c5,c234,0.49
4154,c1,c234,0.34
4155,c5,c1,0.2
4156,c1,c5,0.33
4157,c5,c5,0.7
4158,c1,c1,0.49
4159,c1,c234,0.27
4160,c1,c1,0.38
4161,c5,c5,0.33
4162,c1,c234,0.71
4163,c5,c234,0.36
4164,c5,c234,0.54
4165,c1,c5,0.49
4166,c234,c234,0.5
4167,c1,c234,0.38
4168,c234,c234,0.2
4169,c5,c234,0.34
4170,c5,c5,0.79
4171,c234,c5,0.36
4172,c5,c1,0.53
4173,c5,c5,0.62
4174,c234,c1,0.95
4175,c234,c234,0.21
4176,c234,c1,0.7
4177,c5,c5,0.51
4178,c234,c1,0.85
4179,c5,c1,0.53
4180,c1,c1,0.6
4181,c234,c5,0.42
4182,c234,c5,0.88
4183,c5,c5,0.68
4184,c5,c5,0.65
4185,c1,c234,0.34
4186,c234,c1,0.27
4187,c234,c234,0.54
4188,c1,c5,0.24
4189,c234,c1,0.23
4190,c5,c234,0.05
4191,c5,c234,0.24
4192,c5,c5,0.41
4193,c234,c1,0.18
4194,c1,c234,0.36
4195,c234,c5,0.6
4196,c1,c5,0.8
4197,c234,c5,0.56
4198,c234,c234,0.3
4199,c234,c234,0.63
4200,c1,c5,0.33
4201,c1,c234,0.23
4202,c234,c234,0.75
4203,c234,c234,0.26
4204,c234,c1,0.34
4205,c5,c5,0.9
4206,c234,c5,0.25
4207,c5,c234,0.5
4208,c1,c234,0.61
4209,c5,c5,0.64
4210,c5,c234,0.27
4211,c5,c5,0.44
4212,c1,c234,0.47
4213,c5,c234,0.24
4214,c5,c234,0.19
4215,c1,c5,0.57
4216,c1,c234,0.63
4217,c234,c5,0.43
4218,c234,c1,0.2
4219,c234,c234,0.34
4220,c5,c234,0.29
4221,c1,c234,0.39
4222,c5,c5,0.49
4223,c5,c1,0.66
4224,c1,c234,0.31
4225,c234,c5,0.43
4226,c5,c5,0.68
4227,c5,c234,0.57
4228,c234,c234,0.4
4229,c1,c234,0.45
4230,c5,c1,0.3
4231,c1,c234,0.64
4232,c5,c1,0.28
4233,c5,c234,0.21
4234,c5,c234,0.27
4235,c234,c1,0.42
4236,c5,c1,0.52
4237,c234,c234,0.47
4238,c234,c234,0.31
4239,c234,c234,0.55
4240,c5,c234,0.28
4241,c1,c234,0.23
4242,c234,c234,0.67
4243,c1,c234,0.33
4244,c1,c234,0.54
4245,c5,c234,0.75
4246,c5,c1,0.19
4247,c1,c1,0.33
4248,c234,c234,0.56
4249,c5,c5,0.32
4250,c234,c234,0.35
4251,c1,c234,0.54
4252,c5,c234,0.22
4253,c5,c234,0.28
4254,c5,c234,0.49
4255,c1,c1,0.33
4256,c234,c234,0.31
4257,c5,c1,0.56
4258,c5,c234,0.61
4259,c1,c234,0.6
4260,c5,c5,0.7
4261,c1,c234,0.54
4262,c234,c5,0.58
4263,c5,c5,0.34
4264,c234,c234,0.65
4265,c5,c5,0.25
4266,c234,c5,0.35
4267,c234,c5,0.46
4268,c234,c234,0.21
4269,c1,c234,0.33
4270,c234,c234,0.73
4271,c234,c1,0.3
4272,c1,c5,0.59
4273,c1,c1,0.98
4274,c234,c5,0.45
4275,c5,c1,0.75
4276,c1,c1,0.11
4277,c1,c5,0.16
4278,c5,c234,0.46
4279,c5,c5,0.54
4280,c1,c5,0.25
4281,c1,c234,0.42
4282,c234,c234,0.54
4283,c234,c1,0.97
4284,c5,c234,0.55
4285,c1,c5,0.37
4286,c234,c5,0.64
4287,c5,c234,0.3
4288,c5,c5,0.83
4289,c5,c234,0.09
4290,c1,c234,0.54
4291,c5,c5,0.77
4292,c234,c234,0.53
4293,c5,c234,0.14
4294,c5,c5,0.46
4295,c5,c234,0.54
4296,c234,c5,0.33
4297,c234,c234,0.17
4298,c5,c5,0.97
4299,c234,c5,0.59
4300,c5,c5,0.34
4301,c234,c1,0.59
4302,c5,c234,0.23
4303,c5,c234,0.79
4304,c5,c234,0.41
4305,c234,c5,0.49
4306,c5,c5,0.83
4307,c5,c5,0.37
4308,c234,c5,0.32
4309,c234,c234,0.63
4310,c234,c234,0.3
4311,c234,c5,0.34
4312,c234,c5,0.23
4313,c5,c5,0.35
4314,c1,c5,0.24
4315,c1,c234,0.64
4316,c1,c234,0.42
4317,c1,c234,0.46
4318,c5,c234,0.41
4319,c1,c5,0.39
4320,c1,c234,0.34
4321,c1,c234,0.43
4322,c5,c5,0.84
4323,c5,c5,0.28
4324,c1,c1,0.16
4325,c5,c234,0.22
4326,c1,c1,0.41
4327,c5,c234,0.43
4328,c1,c234,0.44
4329,c5,c234,0.37
4330,c234,c234,0.72
4331,c1,c234,0.29
4332,c1,c1,0.18
4333,c234,c5,0.36
4334,c1,c1,0.3
4335,c5,c5,0.71
4336,c234,c5,0.29
4337,c1,c1,0.65
4338,c5,c234,0.43
4339,c234,c234,0.39
4340,c1,c234,0.42
4341,c5,c5,0.31
4342,c234,c234,0.44
4343,c5,c5,0.74
4344,c234,c234,0.24
4345,c5,c234,0.19
4346,c234,c234,0.54
4347,c234,c1,0.73
4348,c1,c1,0.73
4349,c1,c5,0.73
4350,c234,c5,0.51
4351,c234,c1,0.24
4352,c5,c234,0.26
4353,c234,c5,0.43
4354,c5,c5,0.59
4355,c234,c234,0.36
4356,c1,c5,0.51
4357,c5,c234,0.3
4358,c234,c5,0.38
4359,c234,c5,0.66
4360,c5,c234,0.24
4361,c234,c234,0.22
4362,c234,c234,0.28
4363,c234,c234,0.7
4364,c234,c1,0.78
4365,c234,c5,0.32
4366,c5,c5,0.31
4367,c1,c234,0.26
4368,c5,c234,0.41
4369,c5,c5,0.24
4370,c5,c5,0.8
4371,c1,c234,0.81
4372,c234,c234,0.39
4373,c1,c234,0.54
4374,c5,c5,0.62
4375,c234,c5,0.54
4376,c234,c5,0.75
4377,c234,c5,0.9
4378,c5,c234,0.54
4379,c234,c5,0.63
4380,c234,c234,0.29
4381,c234,c1,0.35
4382,c234,c1,0.24
4383,c5,c5,0.74
4384,c1,c234,0.27
4385,c234,c5,0.33
4386,c234,c5,0.47
4387,c1,c234,0.22
4388,c5,c1,0.84
4389,c1,c234,0.52
4390,c1,c5,0.55
4391,c234,c5,0.26
4392,c234,c5,0.38
4393,c5,c5,0.85
4394,c5,c234,0.29
4395,c234,c5,0.4
4396,c5,c234,0.77
4397,c5,c5,0.76
4398,c234,c5,0.24
4399,c1,c234,0.54
4400,c5,c234,0.62
4401,c5,c5,0.63
4402,c1,c234,0.69
4403,c1,c5,0.84
4404,c1,c1,0.16
4405,c5,c234,0.39
4406,c1,c234,0.7
4407,c1,c5,0.41
4408,c234,c5,0.8
4409,c1,c5,0.61
4410,c1,c5,0.35
4411,c234,c234,0.34
4412,c234,c1,0.21
4413,c5,c5,0.62
4414,c5,c234,0.16
4415,c1,c234,0.37
4416,c234,c5,0.43
4417,c5,c1,0.22
4418,c234,c234,0.47
4419,c1,c234,0.31
4420,c1,c5,0.51
4421,c5,c234,0.27
4422,c1,c5,0.62
4423,c234,c5,0.87
4424,c5,c5,0.47
4425,c1,c5,0.21
4426,c234,c5,0.6
4427,c5,c5,0.6
4428,c1,c234,0.48
4429,c5,c234,0.16
4430,c1,c234,0.28
4431,c5,c234,0.14
4432,c1,c5,0.26
4433,c1,c234,0.58
4434,c5,c5,0.69
4435,c1,c234,0.24
4436,c1,c5,0.22
4437,c5,c234,0.24
4438,c234,c234,0.37
4439,c1,c234,0.54
4440,c5,c5,0.2
4441,c5,c234,0.34
4442,c234,c234,0.5
4443,c5,c5,0.6
4444,c234,c234,0.44
4445,c234,c234,0.29
4446,c234,c1,0.26
4447,c234,c5,0.95
4448,c5,c5,0.88
4449,c5,c5,0.5
4450,c234,c5,0.68
4451,c234,c234,0.62
4452,c1,c5,0.68
4453,c1,c1,0.35
4454,c1,c1,0.26
4455,c234,c234,0.28
4456,c1,c234,0.41
4457,c5,c234,0.42
4458,c1,c234,0.46
4459,c5,c5,0.75
4460,c1,c234,0.23
4461,c234,c5,0.25
4462,c5,c234,0.21
4463,c234,c234,0.63
4464,c234,c234,0.17
4465,c5,c5,0.66
4466,c234,c234,0.44
4467,c1,c5,0.95
4468,c234,c234,0.17
4469,c5,c234,0.54
4470,c234,c5,0.3
4471,c234,c234,0.27
4472,c234,c5,0.29
4473,c5,c5,0.68
4474,c1,c5,0.66
4475,c1,c234,0.58
4476,c234,c5,0.74
4477,c234,c234,0.75
4478,c5,c1,0.27
4479,c1,c1,0.55
4480,c234,c234,0.57
4481,c5,c5,0.7
4482,c1,c1,0.22
4483,c5,c5,0.65
4484,c1,c1,0.39
4485,c234,c1,0.35
4486,c1,c1,0.56
4487,c234,c234,0.19
4488,c234,c234,0.28
4489,c234,c234,0.25
4490,c1,c234,0.42
4491,c234,c5,0.81
4492,c5,c1,0.83
4493,c5,c234,0.32
4494,c234,c5,0.24
4495,c234,c234,0.36
4496,c5,c234,0.24
4497,c234,c234,0.65
4498,c5,c5,0.43
4499,c1,c234,0.43
4500,c5,c1,0.94
4501,c234,c234,0.61
4502,c1,c234,0.44
4503,c5,c5,0.47
4504,c1,c5,0.26
4505,c234,c5,0.73
4506,c5,c5,0.68
4507,c5,c1,0.86
4508,c1,c5,0.33
4509,c5,c5,0.5
4510,c1,c234,0.61
4511,c1,c1,0.21
4512,c5,c234,0.25
4513,c234,c234,0.17
4514,c234,c234,0.56
4515,c234,c234,0.32
4516,c5,c5,0.77
4517,c1,c234,0.4
4518,c5,c234,0.26
4519,c1,c234,0.37
4520,c234,c234,0.12
4521,c234,c234,0.4
4522,c5,c234,0.16
4523,c1,c234,0.12
4524,c234,c234,0.35
4525,c5,c234,0.29
4526,c5,c5,0.28
4527,c5,c234,0.38
4528,c1,c234,0.6
4529,c234,c234,0.59
4530,c234,c5,0.47
4531,c1,c234,0.4
4532,c234,c5,0.6
4533,c1,c5,0.31
4534,c1,c5,0.59
4535,c234,c234,0.35
4536,c234,c234,0.68
4537,c1,c234,0.52
4538,c5,c234,0.24
4539,c5,c5,0.3
4540,c234,c234,0.55
4541,c234,c234,0.64
4542,c234,c1,0.75
4543,c1,c5,0.67
4544,c1,c1,0.24
4545,c1,c234,0.33
4546,c1,c5,0.54
4547,c5,c1,0.94
4548,c5,c5,0.58
4549,c5,c234,0.6
4550,c234,c234,0.22
4551,c1,c1,0.89
4552,c5,c234,0.55
4553,c234,c234,0.44
4554,c234,c5,0.97
4555,c234,c234,0.69
4556,c234,c234,0.41
4557,c1,c5,0.48
4558,c5,c5,0.96
4559,c234,c234,0.49
4560,c5,c234,0.51
4561,c234,c1,0.43
4562,c234,c234,0.38
4563,c5,c5,0.29
4564,c1,c5,0.24
4565,c234,c234,0.49
4566,c5,c5,0.28
4567,c1,c234,0.52
4568,c5,c234,0.28
4569,c1,c234,0.82
4570,c5,c234,0.46
4571,c234,c5,0.26
4572,c1,c5,0.79
4573,c234,c5,0.9
4574,c1,c5,0.75
4575,c234,c234,0.76
4576,c5,c1,0.17
4577,c1,c234,0.56
4578,c1,c234,0.51
4579,c1,c234,0.26
4580,c5,c1,0.43
4581,c5,c1,0.37
4582,c234,c5,0.43
4583,c234,c234,0.59
4584,c5,c234,0.2
4585,c234,c1,0.25
4586,c5,c5,0.34
4587,c234,c5,0.78
4588,c234,c234,0.65
4589,c234,c5,0.79
4590,c1,c5,0.65
4591,c1,c234,0.38
4592,c1,c234,0.34
4593,c234,c234,0.32
4594,c5,c234,0.14
4595,c234,c5,0.67
4596,c1,c1,0.21
4597,c234,c234,0.37
4598,c1,c234,0.51
4599,c234,c234,0.66
4600,c234,c234,0.29
4601,c1,c1,0.15
4602,c234,c234,0.56
4603,c5,c5,0.24
4604,c1,c5,0.29
4605,c234,c234,0.48
4606,c1,c5,0.56
4607,c234,c5,0.33
4608,c234,c5,0.54
4609,c1,c234,0.76
4610,c1,c5,0.61
4611,c5,c5,0.45
4612,c1,c1,0.83
4613,c234,c5,0.54
4614,c234,c5,0.57
4615,c234,c5,0.69
4616,c5,c5,0.88
4617,c5,c5,0.73
4618,c1,c234,0.64
4619,c1,c234,0.26
4620,c234,c5,0.26
4621,c1,c234,0.45
4622,c1,c1,0.97
4623,c1,c5,0.4
4624,c234,c5,0.58
4625,c1,c234,0.5
4626,c234,c5,0.35
4627,c5,c234,0.37
4628,c5,c234,0.68
4629,c5,c5,0.8
4630,c5,c1,0.32
4631,c234,c234,0.41
4632,c5,c234,0.35
4633,c234,c234,0.28
4634,c5,c234,0.46
4635,c234,c234,0.26
4636,c1,c234,0.27
4637,c1,c1,0.62
4638,c5,c5,0.23
4639,c234,c234,0.29
4640,c1,c234,0.09
4641,c234,c234,0.35
4642,c1,c234,0.22
4643,c1,c234,0.41
4644,c1,c5,0.65
4645,c5,c234,0.51
4646,c234,c234,0.54
4647,c234,c5,0.69
4648,c1,c1,0.16
4649,c5,c1,0.32
4650,c1,c234,0.58
4651,c5,c1,0.91
4652,c5,c5,0.75
4653,c1,c5,0.21
4654,c234,c1,0.2
4655,c5,c234,0.41
4656,c234,c234,0.23
4657,c234,c5,0.29
4658,c1,c234,0.65
4659,c234,c5,0.68
4660,c5,c5,0.54
4661,c234,c234,0.51
4662,c234,c234,0.78
4663,c5,c234,0.49
4664,c234,c234,0.1
4665,c5,c5,0.25
4666,c234,c5,0.38
4667,c1,c234,0.51
4668,c5,c5,0.75
4669,c1,c5,0.77
4670,c234,c234,0.41
4671,c5,c5,0.71
4672,c5,c1,0.97
4673,c1,c234,0.28
4674,c234,c5,0.39
4675,c234,c5,0.52
4676,c234,c234,0.35
4677,c1,c5,0.27
4678,c1,c5,0.45
4679,c234,c1,0.69
4680,c5,c5,0.9
4681,c1,c234,0.35
4682,c5,c5,0.35
4683,c1,c5,0.33
4684,c5,c1,0.42
4685,c234,c234,0.29
4686,c234,c5,0.79
4687,c1,c5,0.34
4688,c5,c5,0.43
4689,c234,c234,0.63
4690,c5,c5,0.45
4691,c234,c5,0.39
4692,c1,c234,0.34
4693,c1,c234,0.71
4694,c5,c5,0.26
4695,c234,c5,0.37
4696,c1,c1,0.33
4697,c1,c1,0.66
4698,c234,c5,0.45
4699,c1,c5,0.43
4700,c5,c5,0.69
4701,c5,c5,0.97
4702,c1,c234,0.54
4703,c1,c1,0.21
4704,c1,c234,0.43
4705,c5,c234,0.12
4706,c5,c5,0.77
4707,c234,c5,0.68
4708,c5,c5,0.82
4709,c5,c234,0.58
4710,c234,c1,0.72
4711,c1,c234,0.31
4712,c234,c234,0.22
4713,c234,c5,0.26
4714,c234,c1,0.16
4715,c5,c1,0.98
4716,c1,c234,0.38
4717,c5,c234,0.16
4718,c1,c234,0.17
4719,c5,c234,0.62
4720,c1,c5,0.43
4721,c234,c234,0.46
4722,c1,c234,0.6
4723,c234,c1,0.49
4724,c234,c1,0.21
4725,c234,c5,0.52
4726,c1,c5,0.24
4727,c1,c234,0.35
4728,c1,c1,0.61
4729,c5,c234,0.61
4730,c1,c1,0.83
4731,c234,c234,0.58
4732,c234,c5,0.7
4733,c234,c5,0.39
4734,c5,c234,0.36
4735,c1,c1,0.19
4736,c234,c5,0.72
4737,c234,c234,0.63
4738,c1,c234,0.57
4739,c5,c5,0.18
4740,c1,c5,0.74
4741,c1,c234,0.76
4742,c234,c5,0.58
4743,c5,c5,0.83
4744,c5,c1,0.94
4745,c1,c5,0.66
4746,c5,c234,0.45
4747,c234,c234,0.56
4748,c5,c234,0.13
4749,c234,c5,0.72
4750,c1,c5,0.37
4751,c1,c234,0.55
4752,c5,c234,0.38
4753,c5,c5,0.51
4754,c234,c234,0.33
4755,c234,c5,0.47
4756,c1,c1,0.24
4757,c1,c234,0.24
4758,c5,c5,0.66
4759,c5,c5,0.35
4760,c234,c5,0.7
4761,c234,c234,0.77
4762,c1,c234,0.47
4763,c5,c5,0.65
4764,c234,c234,0.58
4765,c234,c5,0.48
4766,c1,c5,0.61
4767,c1,c1,0.2
4768,c1,c234,0.26
4769,c5,c5,0.92
4770,c5,c234,0.35
4771,c234,c5,0.35
4772,c1,c234,0.26
4773,c1,c234,0.48
4774,c5,c5,0.77
4775,c1,c234,0.16
4776,c234,c234,0.35
4777,c1,c234,0.49
4778,c1,c234,0.26
4779,c1,c5,0.31
4780,c5,c5,0.87
4781,c1,c234,0.46
4782,c234,c5,0.71
4783,c1,c234,0.74
4784,c234,c5,0.26
4785,c5,c5,0.48
4786,c5,c5,0.75
4787,c234,c5,0.68
4788,c234,c1,0.5
4789,c1,c234,0.28
4790,c1,c234,0.31
4791,c234,c234,0.32
4792,c234,c234,0.45
4793,c234,c5,0.6
4794,c5,c234,0.4
4795,c5,c5,0.86
4796,c234,c5,0.44
4797,c1,c5,0.22
4798,c234,c234,0.41
4799,c234,c234,0.48
4800,c5,c1,0.65
4801,c1,c234,0.27
4802,c5,c1,0.41
4803,c1,c5,0.31
4804,c5,c5,0.59
4805,c1,c234,0.47
4806,c1,c1,0.94
4807,c5,c5,0.82
4808,c1,c234,0.64
4809,c1,c234,0.45
4810,c5,c5,0.22
4811,c1,c234,0.6
4812,c1,c234,0.48
4813,c234,c234,0.46
4814,c1,c234,0.67
4815,c5,c234,0.38
4816,c5,c1,0.58
4817,c5,c5,0.26
4818,c1,c234,0.38
4819,c5,c5,0.48
4820,c234,c234,0.65
4821,c1,c5,0.57
4822,c234,c1,0.79
4823,c234,c5,0.51
4824,c1,c234,0.3
4825,c5,c5,0.79
4826,c1,c234,0.19
4827,c1,c234,0.41
4828,c234,c1,0.5
4829,c1,c234,0.39
4830,c1,c234,0.46
4831,c1,c234,0.43
4832,c1,c234,0.58
4833,c234,c234,0.29
4834,c234,c234,0.68
4835,c5,c5,0.43
4836,c234,c1,0.38
4837,c5,c1,0.78
4838,c1,c1,0.58
4839,c5,c1,0.3
4840,c234,c234,0.34
4841,c234,c234,0.29
4842,c5,c5,0.83
4843,c1,c234,0.64
4844,c5,c234,0.2
4845,c5,c5,0.68
4846,c234,c5,0.39
4847,c5,c234,0.26
4848,c1,c234,0.49
4849,c234,c1,0.24
4850,c234,c5,0.53
4851,c5,c5,0.81
4852,c5,c5,0.95
4853,c1,c234,0.5
4854,c234,c234,0.66
4855,c5,c5,0.61
4856,c5,c5,0.49
4857,c234,c5,0.5
4858,c5,c5,0.23
4859,c1,c234,0.51
4860,c1,c234,0.39
4861,c234,c1,0.8
4862,c234,c5,0.63
4863,c234,c234,0.54
4864,c234,c5,0.58
4865,c1,c5,0.61
4866,c5,c234,0.52
4867,c5,c1,0.17
4868,c5,c5,0.83
4869,c5,c234,0.47
4870,c1,c234,0.32
4871,c1,c234,0.35
4872,c234,c234,0.55
4873,c234,c1,0.38
4874,c1,c234,0.49
4875,c1,c5,0.25
4876,c5,c5,0.85
4877,c1,c1,0.3
4878,c1,c1,0.83
4879,c234,c5,0.32
4880,c5,c5,0.91
4881,c234,c1,0.26
4882,c1,c5,0.84
4883,c1,c5,0.39
4884,c1,c234,0.52
4885,c234,c234,0.38
4886,c234,c234,0.48
4887,c5,c5,0.89
4888,c234,c1,0.96
4889,c234,c1,0.17
4890,c5,c5,0.82
4891,c234,c1,0.23
4892,c1,c1,0.51
4893,c234,c1,0.82
4894,c234,c234,0.68
4895,c1,c5,0.7
4896,c5,c1,0.95
4897,c234,c234,0.45
4898,c5,c5,0.39
4899,c1,c1,0.48
4900,c1,c1,0.97
4901,c234,c5,0.31
4902,c5,c234,0.37
4903,c1,c234,0.25
4904,c1,c5,0.5
4905,c234,c234,0.58
4906,c234,c1,0.96
4907,c1,c5,0.7
4908,c5,c234,0.28
4909,c5,c234,0.74
4910,c1,c234,0.38
4911,c5,c5,0.73
4912,c234,c5,0.36
4913,c5,c1,0.37
4914,c5,c5,0.48
4915,c5,c234,0.26
4916,c234,c234,0.49
4917,c5,c5,0.39
4918,c234,c5,0.39
4919,c234,c5,0.47
4920,c1,c234,0.42
4921,c1,c5,0.44
4922,c1,c234,0.24
4923,c1,c1,0.22
4924,c1,c234,0.53
4925,c5,c234,0.44
4926,c1,c234,0.59
4927,c234,c5,0.61
4928,c234,c1,0.39
4929,c234,c234,0.64
4930,c1,c1,0.7
4931,c5,c234,0.3
4932,c5,c1,0.97
4933,c1,c234,0.16
4934,c5,c1,0.27
4935,c5,c1,0.98
4936,c234,c5,0.19
4937,c1,c1,0.18
4938,c234,c1,0.47
4939,c5,c5,0.81
4940,c1,c234,0.2
4941,c234,c234,0.55
4942,c5,c1,0.3
4943,c234,c5,0.33
4944,c1,c234,0.46
4945,c5,c5,0.89
4946,c1,c5,0.62
4947,c5,c5,0.71
4948,c5,c234,0.28
4949,c5,c1,0.88
4950,c234,c234,0.61
4951,c234,c5,0.38
4952,c1,c1,0.69
4953,c234,c5,0.25
4954,c234,c234,0.31
4955,c1,c234,0.39
4956,c5,c234,0.73
4957,c234,c5,0.35
4958,c234,c234,0.59
4959,c1,c234,0.7
4960,c234,c234,0.3
4961,c1,c234,0.26
4962,c234,c234,0.24
4963,c234,c234,0.59
4964,c5,c5,0.33
4965,c234,c5,0.59
4966,c5,c1,0.51
4967,c5,c1,0.69
4968,c1,c234,0.3
4969,c234,c5,0.3
4970,c1,c234,0.22
4971,c234,c234,0.66
4972,c1,c5,0.78
4973,c5,c234,0.22
4974,c1,c5,0.67
4975,c5,c234,0.3
4976,c5,c5,0.81
4977,c5,c5,0.13
4978,c1,c5,0.54
4979,c1,c234,0.18
4980,c234,c5,0.26
4981,c234,c5,0.2
4982,c234,c234,0.31
4983,c234,c234,0.46
4984,c234,c5,0.31
4985,c5,c5,0.75
4986,c5,c5,0.39
4987,c5,c5,0.59
4988,c1,c1,0.69
4989,c5,c5,0.6
4990,c1,c234,0.38
4991,c234,c234,0.33
4992,c234,c234,0.3
4993,c5,c234,0.66
4994,c234,c234,0.63
4995,c1,c234,0.35
4996,c234,c234,0.63
4997,c234,c5,0.31
4998,c5,c234,0.48
4999,c5,c1,0.43
5000,c1,c234,0.21
5001,c1,c234,0.67
5002,c5,c234,0.54
5003,c1,c234,0.57
5004,c1,c234,0.41
5005,c1,c234,0.48
5006,c1,c1,0.57
5007,c5,c234,0.43
5008,c234,c1,0.23
5009,c1,c234,0.34
5010,c234,c5,0.37
5011,c5,c234,0.26
5012,c5,c234,0.19
5013,c234,c5,0.34
5014,c234,c5,0.4
5015,c1,c234,0.3
5016,c234,c5,0.58
5017,c1,c234,0.53
5018,c1,c5,0.67
5019,c5,c5,0.43
5020,c5,c5,0.55
5021,c5,c234,0.12
5022,c234,c234,0.3
5023,c5,c5,0.52
5024,c5,c5,0.71
5025,c5,c5,0.72
5026,c1,c1,0.9
5027,c1,c5,0.78
5028,c1,c234,0.26
5029,c1,c5,0.9
5030,c234,c234,0.46
5031,c5,c5,0.47
5032,c1,c234,0.73
5033,c1,c234,0.55
5034,c234,c234,0.37
5035,c5,c234,0.75
5036,c1,c234,0.32
5037,c1,c5,0.83
5038,c5,c5,0.82
5039,c5,c5,0.44
5040,c1,c234,0.28
5041,c1,c1,0.09
5042,c234,c234,0.67
5043,c234,c234,0.54
5044,c1,c234,0.17
5045,c234,c234,0.45
5046,c5,c234,0.19
5047,c1,c1,0.86
5048,c1,c1,0.29
5049,c5,c5,0.58
5050,c5,c1,0.78
5051,c1,c1,0.23
5052,c5,c234,0.28
5053,c5,c234,0.39
5054,c234,c1,0.68
5055,c234,c1,0.33
5056,c1,c234,0.39
5057,c234,c234,0.33
5058,c1,c234,0.62
5059,c234,c234,0.31
5060,c1,c5,0.69
5061,c1,c234,0.3
5062,c234,c234,0.23
5063,c5,c5,0.86
5064,c234,c234,0.36
5065,c1,c1,0.38
5066,c234,c5,0.45
5067,c1,c5,0.25
5068,c1,c1,0.24
5069,c234,c5,0.47
5070,c234,c5,0.35
5071,c1,c1,0.35
5072,c234,c1,0.41
5073,c5,c1,0.98
5074,c1,c1,0.37
5075,c234,c5,0.94
5076,c5,c5,0.77
5077,c234,c234,0.58
5078,c234,c5,0.27
5079,c234,c5,0.41
5080,c5,c5,0.48
5081,c234,c234,0.32
5082,c5,c5,0.58
5083,c1,c5,0.24
5084,c1,c5,0.64
5085,c1,c1,0.75
5086,c5,c5,0.51
5087,c1,c234,0.33
5088,c1,c234,0.48
5089,c234,c5,0.29
5090,c234,c234,0.51
5091,c5,c5,0.63
5092,c1,c5,0.74
5093,c234,c234,0.4
5094,c5,c5,0.75
5095,c1,c234,0.57
5096,c234,c234,0.46
5097,c5,c234,0.52
5098,c1,c234,0.47
5099,c234,c234,0.32
5100,c1,c234,0.63
5101,c1,c1,0.44
5102,c234,c234,0.64
5103,c5,c234,0.41
5104,c1,c234,0.33
5105,c234,c5,0.74
5106,c234,c234,0.71
5107,c5,c234,0.49
5108,c234,c234,0.24
5109,c1,c5,0.77
5110,c1,c234,0.36
5111,c1,c5,0.64
5112,c234,c1,0.89
5113,c5,c234,0.5
5114,c5,c234,0.49
5115,c1,c234,0.56
5116,c1,c234,0.24
5117,c5,c5,0.65
5118,c5,c5,0.7
5119,c234,c234,0.37
5120,c5,c5,0.56
5121,c5,c1,0.42
5122,c234,c234,0.26
5123,c5,c1,0.93
5124,c1,c5,0.84
5125,c234,c234,0.41
5126,c5,c234,0.44
5127,c234,c1,0.54
5128,c234,c5,0.39
5129,c5,c5,0.87
5130,c234,c1,0.74
5131,c234,c234,0.37
5132,c5,c1,0.72
5133,c234,c5,0.57
5134,c5,c5,0.67
5135,c1,c1,0.21
5136,c5,c234,0.74
5137,c1,c1,0.52
5138,c1,c234,0.16
5139,c234,c5,0.3
5140,c5,c1,0.18
5141,c1,c5,0.63
5142,c5,c1,0.42
5143,c5,c234,0.45
5144,c1,c234,0.8
5145,c5,c5,0.44
5146,c1,c234,0.29
5147,c234,c234,0.5
5148,c234,c234,0.58
5149,c5,c5,0.54
5150,c234,c5,0.4
5151,c1,c234,0.54
5152,c234,c5,0.27
5153,c234,c234,0.27
5154,c234,c234,0.34
5155,c234,c5,0.44
5156,c5,c234,0.27
5157,c1,c234,0.63
5158,c5,c5,0.58
5159,c234,c234,0.79
5160,c234,c234,0.55
5161,c5,c5,0.88
5162,c234,c1,0.16
5163,c234,c234,0.37
5164,c234,c5,0.83
5165,c5,c234,0.31
5166,c1,c234,0.55
5167,c5,c234,0.5
5168,c234,c234,0.75
5169,c234,c5,0.58
5170,c1,c234,0.35
5171,c234,c234,0.65
5172,c5,c5,0.66
5173,c1,c234,0.37
5174,c5,c234,0.71
5175,c5,c234,0.35
5176,c234,c234,0.54
5177,c1,c5,0.4
5178,c1,c1,0.73
5179,c1,c234,0.42
5180,c234,c234,0.22
5181,c234,c5,0.78
5182,c234,c5,0.22
5183,c1,c234,0.51
5184,c1,c5,0.84
5185,c1,c234,0.73
5186,c234,c5,0.47
5187,c234,c234,0.23
5188,c234,c234,0.31
5189,c5,c234,0.41
5190,c234,c234,0.6
5191,c5,c1,0.11
5192,c1,c1,0.24
5193,c234,c234,0.28
5194,c1,c5,0.88
5195,c5,c234,0.28
5196,c5,c5,0.54
5197,c1,c5,0.67
5198,c234,c234,0.46
5199,c1,c234,0.69
5200,c234,c234,0.38
5201,c1,c1,0.97
5202,c5,c5,0.3
5203,c5,c234,0.59
5204,c1,c234,0.56
5205,c1,c1,0.29
5206,c234,c5,0.76
5207,c5,c1,0.84
5208,c5,c5,0.28
5209,c234,c234,0.55
5210,c1,c234,0.57
5211,c1,c234,0.55
5212,c234,c234,0.69
5213,c234,c5,0.48
5214,c1,c1,0.25
5215,c234,c5,0.71
5216,c5,c5,0.29
5217,c5,c5,0.38
5218,c5,c5,0.82
5219,c234,c1,0.22
5220,c5,c5,0.71
5221,c5,c234,0.64
5222,c5,c5,0.31
5223,c5,c234,0.19
5224,c1,c1,0.48
5225,c5,c5,0.33
5226,c5,c5,0.3
5227,c1,c234,0.34
5228,c1,c234,0.37
5229,c5,c5,0.38
5230,c5,c5,0.39
5231,c1,c234,0.23
5232,c234,c5,0.68
5233,c5,c1,0.39
5234,c5,c5,0.6
5235,c1,c234,0.66
5236,c1,c234,0.63
5237,c1,c234,0.63
5238,c234,c5,0.43
5239,c1,c1,0.5
5240,c234,c1,0.89
5241,c1,c1,0.29
5242,c1,c234,0.58
5243,c5,c234,0.23
5244,c1,c234,0.38
5245,c1,c5,0.35
5246,c1,c1,0.47
5247,c5,c5,0.27
5248,c1,c234,0.47
5249,c5,c234,0.51
5250,c1,c1,0.6
5251,c234,c234,0.31
5252,c5,c5,0.7
5253,c234,c1,0.99
5254,c1,c234,0.56
5255,c1,c5,0.59
5256,c1,c5,0.63
5257,c234,c5,0.64
5258,c1,c234,0.61
5259,c5,c5,0.74
5260,c1,c234,0.26
5261,c5,c234,0.18
5262,c1,c5,0.55
5263,c1,c1,0.24
5264,c5,c5,0.66
5265,c5,c1,0.75
5266,c1,c234,0.31
5267,c234,c234,0.48
5268,c5,c1,0.87
5269,c5,c234,0.29
5270,c5,c5,0.56
5271,c5,c5,0.2
5272,c1,c1,0.16
5273,c5,c5,0.96
5274,c5,c1,0.79
5275,c5,c1,0.33
5276,c5,c234,0.49
5277,c1,c234,0.36
5278,c5,c5,0.62
5279,c234,c1,0.59
5280,c5,c5,0.68
5281,c234,c5,0.34
5282,c5,c234,0.52
5283,c5,c234,0.41
5284,c234,c234,0.47
5285,c234,c234,0.5
5286,c1,c234,0.23
5287,c1,c234,0.51
5288,c1,c234,0.24
5289,c1,c234,0.29
5290,c234,c234,0.52
5291,c5,c5,0.28
5292,c234,c1,0.51
5293,c234,c234,0.67
5294,c5,c234,0.44
5295,c234,c234,0.57
5296,c5,c234,0.41
5297,c5,c234,0.5
5298,c1,c234,0.26
5299,c5,c5,0.45
5300,c5,c234,0.53
5301,c1,c1,0.21
5302,c5,c1,0.34
5303,c234,c234,0.58
5304,c1,c234,0.56
5305,c1,c5,0.43
5306,c5,c1,0.3
5307,c234,c1,0.48
5308,c1,c234,0.38
5309,c1,c234,0.37
5310,c1,c1,0.28
5311,c1,c5,0.47
5312,c234,c234,0.59
5313,c1,c234,0.15
5314,c5,c5,0.43
5315,c1,c234,0.47
5316,c5,c5,0.5
5317,c1,c234,0.62
5318,c234,c1,0.42
5319,c1,c5,0.49
5320,c5,c234,0.13
5321,c234,c234,0.47
5322,c1,c5,0.64
5323,c234,c1,0.96
5324,c234,c234,0.29
5325,c234,c1,0.51
5326,c5,c234,0.23
5327,c1,c234,0.57
5328,c1,c1,0.15
5329,c234,c234,0.4
5330,c234,c5,0.65
5331,c5,c234,0.64
5332,c234,c234,0.49
5333,c234,c234,0.38
5334,c1,c234,0.68
5335,c234,c5,0.51
5336,c5,c1,0.94
5337,c1,c234,0.18
5338,c5,c5,0.45
5339,c5,c234,0.67
5340,c1,c234,0.22
5341,c234,c5,0.84
5342,c234,c234,0.46
5343,c5,c234,0.14
5344,c234,c5,0.55
5345,c1,c1,0.98
5346,c1,c5,0.41
5347,c234,c234,0.03
5348,c5,c234,0.54
5349,c234,c5,0.27
5350,c5,c1,0.55
5351,c1,c5,0.65
5352,c1,c5,0.4
5353,c234,c234,0.36
5354,c5,c1,0.37
5355,c1,c234,0.35
5356,c234,c234,0.57
5357,c234,c234,0.51
5358,c234,c5,0.39
5359,c1,c1,0.22
5360,c234,c5,0.24
5361,c234,c234,0.34
5362,c5,c234,0.55
5363,c1,c234,0.3
5364,c5,c5,0.33
5365,c234,c5,0.36
5366,c1,c5,0.63
5367,c1,c234,0.52
5368,c1,c234,0.38
5369,c5,c1,0.89
5370,c234,c5,0.51
5371,c1,c1,0.26
5372,c1,c5,0.4
5373,c5,c5,0.17
5374,c1,c5,0.41
5375,c1,c234,0.49
5376,c5,c234,0.24
5377,c5,c1,0.39
5378,c234,c1,0.26
5379,c234,c234,0.52
5380,c234,c5,0.67
5381,c1,c1,0.84
5382,c234,c234,0.61
5383,c1,c234,0.5
5384,c234,c1,0.63
5385,c1,c1,0.73
5386,c234,c234,0.7
5387,c234,c234,0.3
5388,c234,c234,0.62
5389,c5,c234,0.37
5390,c5,c5,0.71
5391,c234,c1,0.23
5392,c1,c234,0.67
5393,c1,c5,0.95
5394,c234,c234,0.47
5395,c5,c5,0.71
5396,c1,c234,0.58
5397,c5,c234,0.55
5398,c5,c234,0.41
5399,c5,c5,0.7
5400,c234,c234,0.56
5401,c234,c1,0.41
5402,c234,c234,0.33
5403,c1,c234,0.79
5404,c1,c1,0.21
5405,c1,c234,0.38
5406,c1,c234,0.39
5407,c234,c234,0.25
5408,c1,c1,0.71
5409,c234,c1,0.67
5410,c1,c234,0.42
5411,c5,c234,0.58
5412,c1,c234,0.45
5413,c1,c234,0.5
5414,c5,c5,0.41
5415,c234,c234,0.31
5416,c1,c234,0.47
5417,c5,c5,0.57
5418,c1,c5,0.48
5419,c234,c5,0.79
5420,c234,c234,0.37
5421,c1,c5,0.38
5422,c234,c234,0.59
5423,c234,c234,0.3
5424,c1,c234,0.34
5425,c1,c234,0.41
5426,c5,c234,0.73
5427,c5,c234,0.39
5428,c1,c5,0.92
5429,c5,c234,0.66
5430,c234,c1,0.35
5431,c5,c234,0.34
5432,c5,c5,0.62
5433,c5,c1,0.39
5434,c1,c234,0.26
5435,c234,c234,0.33
5436,c234,c234,0.45
5437,c1,c5,0.45
5438,c1,c234,0.52
5439,c5,c234,0.14
5440,c1,c234,0.65
5441,c234,c5,0.54
5442,c234,c234,0.49
5443,c234,c234,0.32
5444,c5,c5,0.84
5445,c1,c234,0.67
5446,c5,c5,0.67
5447,c1,c1,0.53
5448,c5,c5,0.29
5449,c1,c234,0.27
5450,c5,c1,0.82
5451,c5,c234,0.57
5452,c1,c5,0.28
5453,c5,c5,0.54
5454,c234,c5,0.21
5455,c5,c5,0.42
5456,c234,c234,0.23
5457,c234,c1,0.4
5458,c1,c234,0.66
5459,c1,c1,0.89
5460,c1,c234,0.35
5461,c5,c5,0.78
5462,c1,c1,0.21
5463,c1,c5,0.33
5464,c1,c234,0.15
5465,c1,c234,0.3
5466,c5,c5,0.35
5467,c234,c5,0.52
5468,c1,c5,0.55
5469,c1,c234,0.35
5470,c1,c1,0.14
5471,c234,c5,0.65
5472,c234,c234,0.64
5473,c1,c234,0.26
5474,c234,c5,0.89
5475,c1,c234,0.66
5476,c234,c234,0.4
5477,c234,c1,0.83
5478,c1,c5,0.29
5479,c234,c234,0.73
5480,c5,c5,0.83
5481,c5,c5,0.78
5482,c5,c1,0.56
5483,c234,c1,0.39
5484,c234,c234,0.78
5485,c234,c234,0.3
5486,c1,c5,0.68
5487,c5,c234,0.25
5488,c5,c234,0.37
5489,c1,c5,0.23
5490,c1,c5,0.26
5491,c1,c234,0.34
5492,c234,c234,0.54
5493,c1,c234,0.13
5494,c5,c5,0.56
5495,c1,c5,0.34
5496,c234,c234,0.24
5497,c5,c234,0.26
5498,c5,c234,0.2
5499,c1,c234,0.78
5500,c5,c5,0.5
5501,c234,c234,0.68
5502,c234,c234,0.2
5503,c234,c1,0.38
5504,c5,c5,0.8
5505,c5,c234,0.31
5506,c5,c234,0.45
5507,c5,c234,0.23
5508,c5,c1,0.37
5509,c234,c5,0.56
5510,c234,c234,0.6
5511,c1,c234,0.66
5512,c234,c1,0.24
5513,c234,c234,0.48
5514,c5,c234,0.38
5515,c5,c234,0.57
5516,c234,c5,0.51
5517,c234,c5,0.47
5518,c5,c234,0.41
5519,c1,c234,0.55
5520,c234,c234,0.54
5521,c234,c234,0.2
5522,c234,c234,0.67
5523,c1,c234,0.7
5524,c5,c234,0.42
5525,c1,c5,0.33
5526,c1,c234,0.69
5527,c1,c234,0.71
5528,c5,c234,0.39
5529,c5,c234,0.52
5531,c234,c5,0.79
5532,c5,c1,0.74
5533,c1,c234,0.6
5534,c5,c5,0.74
5535,c5,c5,0.8
5536,c234,c234,0.25
5537,c1,c234,0.26
5538,c5,c1,0.94
5539,c234,c234,0.82
5540,c234,c234,0.66
5541,c234,c234,0.59
5542,c234,c234,0.7
5543,c234,c234,0.52
5544,c234,c234,0.53
5545,c234,c234,0.65
5546,c5,c234,0.47
5547,c234,c5,0.38
5548,c1,c234,0.26
5549,c5,c5,0.51
5550,c1,c234,0.66
5551,c5,c234,0.53
5552,c234,c5,0.54
5553,c234,c5,0.3
5554,c1,c1,0.18
5555,c1,c234,0.46
5556,c1,c234,0.53
5557,c5,c5,0.6
5558,c1,c1,0.47
5559,c234,c5,0.58
5560,c1,c1,0.55
5561,c5,c234,0.65
5562,c1,c234,0.24
5563,c234,c5,0.25
5564,c234,c234,0.34
5565,c234,c234,0.53
5566,c1,c234,0.4
5567,c1,c234,0.55
5568,c1,c1,0.64
5569,c1,c5,0.25
5570,c1,c234,0.4
5571,c5,c1,0.31
5572,c5,c5,0.33
5573,c5,c234,0.17
5574,c5,c234,0.44
5575,c5,c234,0.51
5576,c5,c234,0.45
5577,c234,c234,0.43
5578,c234,c234,0.05
5579,c234,c1,0.21
5580,c234,c234,0.29
5581,c5,c5,0.28
5582,c234,c234,0.59
5583,c234,c234,0.75
5584,c1,c234,0.61
5585,c1,c1,0.19
5586,c5,c5,0.36
5587,c5,c234,0.27
5588,c1,c234,0.7
5589,c234,c5,0.63
5590,c234,c234,0.51
5591,c5,c5,0.92
5592,c234,c1,0.2
5593,c5,c234,0.31
5594,c234,c234,0.61
5595,c5,c5,0.75
5596,c1,c234,0.57
5597,c234,c5,0.4
5598,c1,c1,0.76
5599,c234,c234,0.58
5600,c234,c5,0.57
5601,c5,c234,0.71
5602,c234,c5,0.47
5603,c5,c5,0.55
5604,c5,c5,0.69
5605,c1,c234,0.38
5606,c5,c1,0.38
5607,c5,c5,0.52
5608,c5,c5,0.81
5609,c234,c234,0.21
5610,c234,c234,0.1
5611,c234,c234,0.63
5612,c1,c1,0.75
5613,c1,c5,0.55
5614,c1,c1,0.34
5615,c234,c234,0.66
5616,c1,c1,0.83
5617,c234,c5,0.28
5618,c234,c5,0.69
5619,c5,c5,0.63
5620,c1,c234,0.74
5621,c5,c234,0.56
5622,c5,c5,0.63
5623,c234,c234,0.71
5624,c234,c5,0.37
5625,c234,c5,0.27
5626,c234,c1,0.17
5627,c5,c234,0.3
5628,c5,c5,0.49
5629,c234,c234,0.39
5630,c5,c5,0.16
5631,c234,c234,0.23
5632,c234,c234,0.23
5633,c5,c234,0.49
5634,c5,c5,0.29
5635,c1,c234,0.26
5636,c5,c1,0.44
5637,c1,c1,0.52
5638,c1,c234,0.35
5639,c5,c1,0.16
5640,c234,c234,0.68
5641,c234,c5,0.38
5642,c1,c234,0.5
5643,c1,c1,0.76
5644,c1,c5,0.46
5645,c5,c5,0.56
5646,c234,c234,0.68
5647,c234,c234,0.55
5648,c5,c234,0.23
5649,c5,c234,0.28
5650,c1,c234,0.33
5651,c1,c234,0.27
5652,c1,c234,0.34
5653,c234,c234,0.31
5654,c1,c234,0.18
5655,c234,c234,0.2
5656,c234,c234,0.53
5657,c234,c5,0.67
5658,c234,c234,0.69
5659,c1,c234,0.27
5660,c234,c234,0.19
5661,c234,c5,0.52
5662,c234,c5,0.08
5663,c1,c234,0.4
5664,c5,c234,0.54
5665,c234,c234,0.31
5666,c5,c234,0.28
5667,c1,c234,0.3
5668,c234,c234,0.56
5669,c1,c5,0.62
5670,c5,c234,0.27
5671,c1,c234,0.51
5672,c234,c234,0.47
5673,c234,c234,0.47
5674,c1,c234,0.66
5675,c1,c234,0.31
5676,c5,c234,0.4
5677,c234,c1,0.54
5678,c5,c234,0.24
5679,c5,c5,0.27
5680,c5,c234,0.24
5681,c234,c5,0.66
5682,c1,c1,0.87
5683,c5,c234,0.31
5684,c1,c5,0.18
5685,c1,c234,0.2
5686,c5,c1,0.81
5687,c234,c5,0.85
5688,c5,c1,0.66
5689,c5,c5,0.46
5690,c5,c5,0.39
5691,c234,c5,0.25
5692,c5,c5,0.45
5693,c234,c234,0.65
5694,c234,c234,0.42
5695,c5,c1,0.95
5696,c1,c1,0.32
5697,c234,c234,0.29
5698,c5,c1,0.72
5699,c234,c5,0.96
5700,c5,c5,0.78
5701,c5,c5,0.48
5702,c1,c234,0.42
5703,c234,c1,0.33
5704,c5,c5,0.63
5705,c234,c234,0.25
5706,c1,c1,0.29
5707,c5,c234,0.56
5708,c234,c234,0.37
5709,c5,c5,0.82
5710,c234,c234,0.57
5711,c234,c234,0.31
5712,c5,c5,0.23
5713,c5,c234,0.51
5714,c234,c1,0.96
5715,c1,c1,0.35
5716,c1,c234,0.36
5717,c1,c234,0.43
5718,c1,c5,0.64
5719,c234,c234,0.68
5720,c234,c5,0.59
5721,c5,c5,0.41
5722,c5,c5,0.45
5723,c1,c5,0.47
5724,c1,c234,0.57
5725,c234,c234,0.21
5726,c234,c234,0.59
5727,c234,c1,0.79
5728,c1,c234,0.56
5729,c5,c1,0.31
5730,c1,c234,0.64
5731,c234,c234,0.69
5732,c5,c234,0.26
5733,c234,c234,0.54
5734,c1,c234,0.7
5735,c1,c234,0.18
5736,c1,c234,0.27
5737,c1,c234,0.42
5738,c1,c234,0.42
5739,c234,c1,0.75
5740,c1,c5,0.53
5741,c5,c5,0.36
5742,c5,c5,0.45
5743,c5,c234,0.24
5744,c234,c5,0.51
5745,c234,c5,0.57
5746,c1,c5,0.49
5747,c1,c234,0.73
5748,c234,c5,0.24
5749,c5,c234,0.63
5750,c5,c234,0.57
5751,c234,c234,0.29
5752,c1,c234,0.79
5753,c5,c234,0.35
5754,c1,c5,0.67
5755,c234,c234,0.13
5756,c5,c5,0.5
5757,c234,c1,0.28
5758,c234,c234,0.49
5759,c234,c234,0.25
5760,c5,c234,0.76
5761,c234,c1,0.82
5762,c5,c5,0.84
5763,c5,c234,0.58
5764,c5,c234,0.38
5765,c5,c234,0.39
5766,c5,c5,0.32
5767,c234,c5,0.26
5768,c234,c234,0.44
5769,c5,c5,0.41
5770,c234,c234,0.43
5771,c1,c1,0.62
5772,c1,c5,0.69
5773,c1,c234,0.36
5774,c5,c5,0.38
5775,c5,c234,0.26
5776,c234,c5,0.61
5777,c5,c234,0.2
5778,c234,c5,0.95
5779,c1,c1,0.97
5780,c5,c234,0.25
5781,c1,c234,0.24
5782,c234,c234,0.41
5783,c5,c234,0.42
5784,c234,c234,0.59
5785,c5,c5,0.7
5786,c5,c1,0.83
5787,c234,c234,0.59
5788,c1,c5,0.55
5789,c5,c234,0.25
5790,c234,c5,0.53
5791,c1,c234,0.28
5792,c234,c234,0.62
5793,c1,c234,0.64
5794,c5,c5,0.44
5795,c1,c234,0.29
5796,c234,c234,0.59
5797,c1,c5,0.38
5798,c5,c5,0.4
5799,c5,c1,0.44
5800,c234,c234,0.69
5801,c1,c234,0.32
5802,c5,c234,0.29
5803,c234,c5,0.48
5804,c5,c5,0.93
5805,c234,c1,0.97
5806,c5,c1,0.5
5807,c1,c234,0.32
5808,c1,c234,0.69
5809,c1,c1,0.54
5810,c1,c234,0.32
5811,c5,c234,0.24
5812,c5,c234,0.43
5813,c1,c5,0.79
5814,c234,c234,0.31
5815,c234,c5,0.74
5816,c234,c5,0.28
5817,c1,c1,0.39
5818,c5,c5,0.71
5819,c1,c5,0.28
5820,c1,c234,0.68
5821,c234,c234,0.33
5822,c1,c5,0.81
5823,c5,c5,0.67
5824,c234,c234,0.6
5825,c1,c234,0.52
5826,c234,c234,0.41
5827,c5,c5,0.82
5828,c1,c234,0.64
5829,c5,c1,0.4
5830,c1,c5,0.27
5831,c1,c234,0.36
5832,c1,c5,0.32
5833,c234,c5,0.45
5834,c234,c1,0.33
5835,c5,c5,0.46
5836,c1,c234,0.49
5837,c234,c1,0.95
5838,c234,c234,0.48
5839,c234,c5,0.43
5840,c1,c1,0.51
5841,c1,c234,0.31
5842,c234,c234,0.34
5843,c234,c234,0.27
5844,c234,c5,0.58
5845,c1,c234,0.47
5846,c234,c5,0.3
5847,c5,c5,0.42
5848,c234,c234,0.5
5849,c1,c234,0.63
5850,c234,c234,0.18
5851,c5,c234,0.29
5852,c234,c234,0.5
5853,c5,c5,0.72
5854,c234,c234,0.71
5855,c1,c5,0.33
5856,c5,c234,0.21
5857,c5,c1,0.27
5858,c5,c234,0.22
5859,c1,c234,0.45
5860,c234,c234,0.27
5861,c1,c5,0.55
5862,c5,c234,0.28
5863,c234,c234,0.25
5864,c1,c5,0.2
5865,c1,c234,0.57
5866,c1,c234,0.22
5867,c5,c5,0.89
5868,c5,c5,0.34
5869,c5,c234,0.44
5870,c5,c234,0.27
5871,c1,c234,0.43
5872,c1,c1,0.97
5873,c5,c1,0.64
5874,c5,c1,0.21
5875,c234,c5,0.65
5876,c1,c1,0.25
5877,c234,c234,0.54
5878,c1,c1,0.38
5879,c5,c1,0.23
5880,c5,c234,0.3
5881,c234,c5,0.16
5882,c234,c1,0.15
5883,c5,c5,0.83
5884,c5,c234,0.39
5885,c5,c234,0.5
5886,c5,c234,0.21
5887,c1,c234,0.28
5888,c1,c5,0.29
5889,c5,c234,0.65
5890,c234,c5,0.58
5891,c1,c234,0.63
5892,c5,c5,0.57
5893,c1,c5,0.57
5894,c234,c5,0.49
5895,c234,c5,0.41
5896,c234,c5,0.81
5897,c234,c234,0.4
5898,c1,c5,0.77
5899,c5,c5,0.95
5900,c234,c5,0.24
5901,c1,c1,0.28
5902,c234,c234,0.63
5903,c5,c5,0.52
5904,c234,c5,0.63
5905,c5,c5,0.33
5906,c5,c234,0.31
5907,c1,c5,0.24
5908,c1,c1,0.13
5909,c1,c1,0.24
5910,c1,c234,0.65
5911,c5,c5,0.8
5912,c1,c5,0.8
5913,c234,c5,0.71
5914,c1,c234,0.55
5915,c5,c5,0.21
5916,c5,c234,0.3
5917,c234,c234,0.42
5918,c234,c5,0.35
5919,c1,c234,0.4
5920,c5,c5,0.37
5921,c5,c234,0.28
5922,c5,c5,0.97
5923,c1,c5,0.27
5924,c234,c234,0.5
5925,c5,c234,0.7
5926,c5,c234,0.44
5927,c234,c234,0.55
5928,c1,c1,0.9
5929,c1,c234,0.37
5930,c5,c1,0.55
5931,c234,c234,0.24
5932,c5,c5,0.7
5933,c1,c5,0.49
5934,c1,c1,0.25
5935,c234,c5,0.78
5936,c5,c234,0.24
5937,c5,c234,0.6
5938,c1,c234,0.23
5939,c234,c5,0.2
5940,c1,c234,0.68
5941,c1,c234,0.52
5942,c234,c234,0.45
5943,c234,c1,0.22
5944,c234,c234,0.68
5945,c234,c5,0.6
5946,c234,c234,0.23
5947,c1,c234,0.3
5948,c234,c234,0.4
5949,c1,c234,0.45
5950,c5,c234,0.27
5951,c234,c234,0.52
5952,c5,c5,0.34
5953,c234,c234,0.55
5954,c5,c5,0.79
5955,c234,c234,0.44
5956,c234,c234,0.32
5957,c234,c5,0.75
5958,c5,c1,0.43
5959,c1,c234,0.67
5960,c234,c234,0.2
5961,c5,c234,0.24
5962,c1,c234,0.71
5963,c1,c1,0.61
5964,c5,c234,0.69
5965,c1,c234,0.26
5966,c5,c5,0.5
5967,c234,c234,0.49
5968,c5,c234,0.29
5969,c5,c1,0.29
5970,c1,c234,0.26
5971,c1,c5,0.27
5972,c234,c5,0.32
5973,c234,c234,0.22
5974,c5,c5,0.42
5975,c234,c5,0.65
5976,c234,c234,0.6
5977,c1,c5,0.87
5978,c1,c234,0.3
5979,c234,c234,0.64
5980,c234,c5,0.31
5981,c234,c5,0.59
5982,c234,c234,0.43
5983,c5,c234,0.52
5984,c1,c234,0.25
5985,c5,c5,0.72
5986,c5,c1,0.28
5987,c5,c234,0.28
5988,c234,c234,0.5
5989,c1,c234,0.41
5990,c5,c5,0.37
5991,c234,c234,0.73
5992,c5,c5,0.82
5993,c5,c5,0.26
5994,c234,c5,0.42
5995,c234,c234,0.45
5996,c1,c234,0.34
5997,c5,c5,0.47
5998,c5,c5,0.87
5999,c234,c234,0.27
6000,c1,c1,0.61
6001,c1,c234,0.49
6002,c5,c5,0.77
6003,c5,c5,0.45
6004,c5,c234,0.47
6005,c234,c234,0.58
6006,c234,c5,0.82
6007,c1,c5,0.47
6008,c234,c5,0.77
6009,c5,c1,0.93
6010,c234,c5,0.65
6011,c1,c234,0.52
6012,c234,c5,0.34
6013,c5,c5,0.41
6014,c5,c5,0.56
6015,c234,c234,0.25
6016,c234,c5,0.68
6017,c5,c234,0.46
6018,c5,c234,0.47
6019,c234,c234,0.51
6020,c5,c234,0.78
6021,c5,c5,0.25
6022,c5,c5,0.25
6023,c5,c234,0.22
6024,c234,c234,0.67
6025,c234,c234,0.66
6026,c234,c5,0.41
6027,c5,c234,0.48
6028,c1,c5,0.3
6029,c1,c234,0.44
6030,c234,c5,0.4
6031,c234,c1,0.7
6032,c1,c1,0.61
6033,c5,c1,0.18
6034,c1,c234,0.4
6035,c1,c234,0.51
6036,c1,c234,0.33
6037,c5,c5,0.89
6038,c234,c234,0.63
6039,c234,c234,0.61
6040,c5,c5,0.64
6041,c5,c5,0.68
6042,c5,c5,0.67
6043,c5,c1,0.69
6044,c5,c5,0.28
6045,c234,c234,0.21
6046,c1,c5,0.28
6047,c234,c5,0.58
6048,c234,c234,0.4
6049,c234,c5,0.57
6050,c5,c5,0.84
6051,c234,c234,0.24
6052,c234,c5,0.64
6053,c234,c5,0.38
6054,c5,c234,0.12
6055,c5,c234,0.63
6056,c1,c5,0.11
6057,c234,c234,0.28
6058,c234,c234,0.31
6059,c5,c1,0.95
6060,c1,c234,0.37
6061,c5,c234,0.49
6062,c1,c234,0.7
6063,c234,c234,0.53
6064,c5,c5,0.68
6065,c5,c5,0.43
6066,c234,c234,0.58
6067,c1,c1,0.34
6068,c1,c234,0.49
6069,c234,c234,0.5
6070,c5,c5,0.49
6071,c1,c234,0.32
6072,c234,c234,0.36
6073,c234,c5,0.57
6074,c5,c5,0.24
6075,c1,c5,0.45
6076,c234,c1,0.21
6077,c234,c5,0.52
6078,c5,c234,0.39
6079,c1,c1,0.31
6080,c234,c234,0.4
6081,c234,c234,0.42
6082,c234,c1,0.23
6083,c5,c5,0.28
6084,c5,c1,0.83
6085,c1,c5,0.35
6086,c5,c234,0.56
6087,c5,c234,0.1
6088,c234,c5,0.21
6089,c234,c5,0.49
6090,c5,c5,0.27
6091,c234,c234,0.44
6092,c5,c5,0.38
6093,c5,c1,0.34
6094,c5,c1,0.32
6095,c234,c5,0.51
6096,c234,c234,0.54
6097,c234,c5,0.55
6098,c5,c5,0.83
6099,c5,c5,0.65
6100,c5,c5,0.74
6101,c234,c234,0.37
6102,c234,c234,0.31
6103,c5,c5,0.52
6104,c5,c234,0.29
6105,c5,c234,0.71
6106,c5,c1,0.77
6107,c1,c234,0.5
6108,c5,c5,0.97
6109,c1,c1,0.51
6110,c5,c234,0.14
6111,c234,c234,0.5
6112,c1,c234,0.64
6113,c5,c1,0.82
6114,c234,c5,0.45
6115,c1,c1,0.98
6116,c234,c234,0.62
6117,c1,c234,0.37
6118,c234,c234,0.55
6119,c1,c234,0.45
6120,c234,c5,0.86
6121,c5,c234,0.23
6122,c234,c234,0.32
6123,c234,c234,0.35
6124,c1,c234,0.22
6125,c5,c5,0.34
6126,c234,c1,0.93
6127,c234,c234,0.31
6128,c5,c5,0.62
6129,c1,c5,0.5
6130,c1,c5,0.41
6131,c234,c234,0.47
6132,c1,c5,0.24
6133,c5,c234,0.28
6134,c5,c5,0.81
6135,c234,c234,0.23
6136,c5,c234,0.16
6137,c5,c5,0.63
6138,c234,c234,0.68
6139,c1,c5,0.9
6140,c5,c5,0.62
6141,c234,c234,0.2
6142,c5,c234,0.49
6143,c234,c5,0.92
6144,c5,c234,0.52
6145,c1,c234,0.56
6146,c5,c234,0.33
6147,c234,c234,0.34
6148,c234,c234,0.62
6149,c1,c234,0.31
6150,c5,c234,0.06
6151,c1,c1,0.26
6152,c234,c234,0.4
6153,c1,c234,0.64
6154,c1,c5,0.52
6155,c5,c234,0.33
6156,c234,c234,0.29
6157,c1,c234,0.63
6158,c5,c234,0.47
6159,c234,c5,0.87
6160,c1,c234,0.54
6161,c5,c5,0.89
6162,c5,c234,0.4
6163,c1,c234,0.37
6164,c5,c234,0.79
6165,c234,c234,0.23
6166,c5,c234,0.34
6167,c5,c5,0.55
6168,c1,c1,0.47
6169,c234,c234,0.64
6170,c5,c5,0.19
6171,c1,c234,0.15
6172,c5,c234,0.26
6173,c234,c234,0.19
6174,c5,c234,0.6
6175,c1,c234,0.38
6176,c1,c234,0.41
6177,c5,c1,0.42
6178,c5,c234,0.68
6179,c5,c1,0.9
6180,c1,c234,0.36
6181,c1,c234,0.31
6182,c234,c234,0.53
6183,c5,c234,0.15
6184,c234,c234,0.38
6185,c1,c1,0.42
6186,c5,c5,0.61
6187,c5,c234,0.14
6188,c234,c234,0.25
6189,c1,c234,0.72
6190,c5,c5,0.47
6191,c1,c5,0.51
6192,c234,c234,0.42
6193,c1,c234,0.66
6194,c234,c5,0.42
6195,c1,c5,0.38
6196,c1,c5,0.31
6197,c1,c5,0.49
6198,c234,c1,0.61
6199,c5,c5,0.41
6200,c5,c1,0.35
6201,c1,c234,0.48
6202,c5,c234,0.54
6203,c1,c234,0.7
6204,c5,c234,0.36
6205,c5,c5,0.41
6206,c234,c5,0.92
6207,c1,c5,0.58
6208,c234,c234,0.31
6209,c1,c5,0.72
6210,c234,c234,0.35
6211,c1,c234,0.16
6212,c1,c234,0.39
6213,c5,c5,0.71
6214,c234,c5,0.85
6215,c234,c234,0.34
6216,c1,c234,0.49
6217,c234,c1,0.55
6218,c234,c234,0.23
6219,c234,c5,0.27
6220,c1,c1,0.16
6221,c5,c234,0.4
6222,c234,c234,0.26
6223,c234,c5,0.7
6224,c1,c234,0.45
6225,c1,c5,0.38
6226,c1,c234,0.28
6227,c5,c234,0.5
6228,c1,c5,0.7
6229,c5,c234,0.37
6230,c5,c5,0.74
6231,c5,c234,0.14
6232,c5,c234,0.48
6233,c5,c5,0.25
6234,c1,c234,0.52
6235,c234,c1,0.21
6236,c234,c5,0.11
6237,c5,c5,0.79
6238,c5,c5,0.43
6239,c1,c234,0.18
6240,c1,c234,0.35
6241,c234,c234,0.72
6242,c1,c5,0.58
6243,c1,c1,0.2
6244,c234,c5,0.67
6245,c234,c5,0.18
6246,c234,c234,0.43
6247,c5,c234,0.53
6248,c234,c5,0.38
6249,c1,c5,0.47
6250,c234,c5,0.82
6251,c5,c234,0.3
6252,c5,c234,0.32
6253,c5,c5,0.53
6254,c1,c234,0.58
6255,c1,c234,0.62
6256,c234,c234,0.39
6257,c234,c234,0.65
6258,c234,c234,0.2
6259,c234,c234,0.33
6260,c234,c234,0.71
6261,c234,c1,0.16
6262,c5,c234,0.37
6263,c234,c234,0.66
6264,c1,c5,0.8
6265,c1,c1,0.55
6266,c5,c5,0.56
6267,c1,c5,0.49
6268,c1,c1,0.99
6269,c1,c234,0.31
6270,c234,c234,0.5
6271,c234,c5,0.41
6272,c234,c234,0.51
6273,c5,c234,0.25
6274,c1,c1,0.25
6275,c1,c234,0.53
6276,c1,c234,0.5
6277,c234,c5,0.25
6278,c1,c1,0.1
6279,c5,c5,0.79
6280,c1,c5,0.35
6281,c234,c234,0.45
6282,c234,c1,0.97
6283,c1,c5,0.38
6284,c234,c234,0.55
6285,c5,c234,0.69
6286,c5,c234,0.68
6287,c5,c5,0.53
6288,c234,c234,0.14
6289,c5,c1,0.17
6290,c5,c234,0.39
6291,c1,c234,0.25
6292,c234,c234,0.56
6293,c234,c234,0.37
6294,c5,c1,0.7
6295,c5,c5,0.82
6296,c5,c234,0.4
6297,c5,c5,0.66
6298,c5,c1,0.37
6299,c234,c234,0.34
6300,c234,c234,0.6
6301,c5,c1,0.19
6302,c1,c234,0.48
6303,c5,c1,0.31
6304,c5,c234,0.36
6305,c234,c5,0.46
6306,c1,c234,0.25
6307,c1,c234,0.64
6308,c5,c1,0.15
6309,c5,c1,0.31
6310,c5,c5,0.5
6311,c1,c234,0.5
6312,c234,c1,0.28
6313,c234,c1,0.71
6314,c5,c1,0.39
6315,c234,c234,0.63
6316,c234,c234,0.15
6317,c1,c234,0.26
6318,c234,c234,0.46
6319,c1,c234,0.36
6320,c1,c1,0.33
6321,c5,c234,0.29
6322,c234,c234,0.31
6323,c1,c234,0.5
6324,c234,c234,0.26
6325,c234,c234,0.75
6326,c234,c5,0.31
6327,c5,c234,0.38
6328,c1,c5,0.31
6329,c234,c5,0.31
6330,c234,c5,0.63
6331,c1,c234,0.45
6332,c234,c234,0.16
6333,c234,c5,0.56
6334,c5,c5,0.68
6335,c1,c234,0.28
6336,c5,c234,0.36
6337,c5,c234,0.55
6338,c234,c234,0.32
6339,c5,c5,0.84
6340,c5,c234,0.22
6341,c5,c1,0.97
6342,c5,c5,0.62
6343,c5,c5,0.36
6344,c234,c5,0.47
6345,c5,c5,0.69
6346,c1,c234,0.22
6347,c234,c1,0.31
6348,c234,c1,0.25
6349,c5,c5,0.61
6350,c5,c5,0.61
6351,c234,c1,0.21
6352,c5,c234,0.32
6353,c1,c1,0.08
6354,c5,c234,0.42
6355,c5,c1,0.86
6356,c5,c5,0.49
6357,c234,c234,0.48
6358,c234,c234,0.47
6359,c1,c1,0.12
6360,c1,c234,0.32
6361,c234,c234,0.55
6362,c5,c1,0.96
6363,c5,c5,0.61
6364,c5,c1,0.37
6365,c1,c5,0.63
6366,c234,c5,0.4
6367,c1,c234,0.39
6368,c5,c5,0.4
6369,c1,c234,0.73
6370,c1,c234,0.33
6371,c1,c234,0.21
6372,c234,c5,0.35
6373,c1,c234,0.3
6374,c1,c5,0.71
6375,c5,c5,0.36
6376,c1,c5,0.66
6377,c234,c5,0.66
6378,c5,c5,0.57
6379,c234,c5,0.47
6380,c234,c234,0.66
6381,c234,c234,0.56
6382,c5,c234,0.5
6383,c1,c234,0.69
6384,c5,c5,0.5
6385,c1,c5,0.41
6386,c234,c5,0.73
6387,c5,c1,0.88
6388,c234,c5,0.72
6389,c1,c234,0.35
6390,c5,c1,0.18
6391,c234,c234,0.39
6392,c5,c234,0.5
6393,c5,c234,0.44
6394,c234,c1,0.37
6395,c5,c5,0.61
6396,c1,c234,0.45
6397,c234,c234,0.51
6398,c5,c234,0.56
6399,c234,c5,0.82
6400,c5,c1,0.55
6401,c5,c5,0.57
6402,c5,c5,0.74
6403,c5,c1,0.26
6404,c1,c234,0.5
6405,c1,c234,0.78
6406,c234,c234,0.49
6407,c5,c5,0.7
6408,c234,c234,0.37
6409,c5,c5,0.71
6410,c5,c5,0.51
6411,c234,c5,0.75
6412,c5,c234,0.62
6413,c5,c5,0.42
6414,c5,c5,0.29
6415,c1,c234,0.46
6416,c234,c5,0.23
6417,c234,c234,0.36
6418,c234,c234,0.61
6419,c234,c5,0.43
6420,c234,c234,0.72
6421,c234,c1,0.37
6422,c1,c5,0.87
6423,c1,c1,0.37
6424,c1,c5,0.23
6425,c234,c234,0.78
6426,c5,c234,0.48
6427,c5,c5,0.23
6428,c1,c5,0.62
6429,c5,c5,0.51
6430,c5,c234,0.28
6431,c234,c1,0.29
6432,c1,c234,0.64
6433,c5,c1,0.32
6434,c234,c234,0.37
6435,c234,c5,0.27
6436,c5,c5,0.52
6437,c5,c234,0.61
6438,c5,c5,0.71
6439,c234,c234,0.66
6440,c5,c5,0.2
6441,c234,c234,0.57
6442,c5,c234,0.86
6443,c5,c234,0.58
6444,c1,c234,0.16
6445,c1,c234,0.28
6446,c5,c5,0.9
6447,c5,c234,0.51
6448,c234,c234,0.32
6449,c234,c234,0.36
6450,c1,c234,0.21
6451,c234,c234,0.38
6452,c234,c234,0.34
6453,c234,c234,0.45
6454,c5,c1,0.37
6455,c5,c5,0.52
6456,c234,c234,0.41
6457,c5,c234,0.29
6458,c234,c234,0.36
6459,c1,c1,0.56
6460,c5,c5,0.23
6461,c234,c5,0.67
6462,c234,c234,0.59
6463,c5,c5,0.89
6464,c5,c234,0.14
6465,c234,c234,0.64
6466,c5,c234,0.27
6467,c5,c234,0.6
6468,c5,c5,0.42
6469,c1,c1,0.56
6470,c5,c234,0.23
6471,c5,c1,0.29
6472,c1,c5,0.61
6473,c1,c1,0.48
6474,c1,c234,0.7
6475,c1,c234,0.68
6476,c5,c5,0.8
6477,c5,c234,0.76
6478,c1,c234,0.28
6479,c1,c5,0.48
6480,c5,c234,0.49
6481,c234,c234,0.61
6482,c5,c5,0.87
6483,c5,c5,0.28
6484,c5,c234,0.56
6485,c5,c1,0.24
6486,c1,c5,0.72
6487,c1,c234,0.14
6488,c5,c234,0.33
6489,c234,c234,0.42
6490,c5,c234,0.64
6491,c234,c234,0.63
6492,c234,c234,0.51
6493,c1,c234,0.47
6494,c5,c234,0.45
6495,c1,c234,0.47
6496,c1,c234,0.7
6497,c5,c5,0.7
6498,c1,c234,0.67
6499,c1,c234,0.23
6500,c1,c234,0.34
6501,c1,c1,0.54
6502,c1,c5,0.71
6503,c5,c5,0.63
6504,c5,c234,0.33
6505,c234,c1,0.69
6506,c234,c234,0.41
6507,c5,c5,0.84
6508,c1,c234,0.14
6509,c5,c234,0.12
6510,c234,c234,0.31
6511,c234,c1,0.96
6512,c5,c234,0.35
6513,c5,c5,0.61
6514,c1,c234,0.37
6515,c5,c5,0.91
6516,c5,c5,0.43
6517,c1,c234,0.41
6518,c5,c5,0.31
6519,c1,c1,0.57
6520,c1,c5,0.33
6521,c234,c234,0.65
6522,c1,c234,0.47
6523,c5,c234,0.67
6524,c1,c234,0.36
6525,c234,c234,0.66
6526,c5,c1,0.36
6527,c1,c1,0.18
6528,c1,c234,0.25
6529,c1,c234,0.64
6530,c1,c234,0.25
6531,c234,c234,0.45
6532,c234,c5,0.43
6533,c1,c234,0.45
6534,c234,c234,0.6
6535,c5,c5,0.55
6536,c1,c234,0.72
6537,c234,c234,0.38
6538,c5,c234,0.6
6539,c5,c234,0.3
6540,c234,c234,0.6
6541,c5,c234,0.75
6542,c1,c234,0.37
6543,c5,c234,0.69
6544,c1,c5,0.22
6545,c234,c234,0.74
6546,c234,c5,0.78
6547,c234,c5,0.59
6548,c1,c1,0.62
6549,c1,c5,0.53
6550,c234,c234,0.8
6551,c5,c234,0.46
6552,c1,c234,0.69
6553,c234,c234,0.57
6554,c1,c234,0.48
6555,c1,c5,0.33
6556,c1,c234,0.4
6557,c5,c234,0.62
6558,c234,c234,0.43
6559,c234,c5,0.32
6560,c1,c1,0.7
6561,c1,c234,0.12
6562,c5,c234,0.47
6563,c1,c234,0.46
6564,c5,c234,0.32
6565,c1,c5,0.26
6566,c5,c5,0.46
6567,c1,c234,0.47
6568,c5,c234,0.25
6569,c5,c234,0.33
6570,c1,c5,0.93
6571,c5,c234,0.3
6572,c1,c234,0.43
6573,c5,c1,0.22
6574,c1,c234,0.24
6575,c5,c234,0.42
6576,c1,c5,0.35
6577,c1,c234,0.75
6578,c234,c234,0.15
6579,c5,c5,0.52
6580,c234,c234,0.39
6581,c1,c1,0.44
6582,c5,c1,0.36
6583,c5,c234,0.74
6584,c1,c1,0.25
6585,c1,c234,0.43
6586,c234,c234,0.4
6587,c1,c5,0.74
6588,c1,c5,0.42
6589,c234,c234,0.59
6590,c1,c1,0.35
6591,c1,c234,0.51
6592,c234,c5,0.23
6593,c1,c234,0.21
6594,c5,c5,0.73
6595,c234,c234,0.34
6596,c1,c234,0.26
6597,c1,c5,0.81
6598,c5,c5,0.54
6599,c1,c234,0.45
6600,c5,c234,0.25
6601,c234,c234,0.32
6602,c1,c234,0.24
6603,c1,c234,0.6
6604,c5,c1,0.95
6605,c1,c1,0.96
6606,c234,c5,0.3
6607,c234,c234,0.68
6608,c1,c1,0.69
6609,c234,c234,0.6
6610,c1,c234,0.68
6611,c234,c5,0.28
6612,c234,c234,0.17
6613,c5,c1,0.5
6614,c234,c234,0.7
6615,c1,c1,0.18
6616,c5,c5,0.77
6617,c1,c1,0.19
6618,c234,c234,0.68
6619,c1,c234,0.22
6620,c5,c234,0.24
6621,c5,c1,0.93
6622,c5,c5,0.76
6623,c5,c234,0.34
6624,c5,c5,0.76
6625,c5,c234,0.17
6626,c1,c234,0.42
6627,c5,c5,0.34
6628,c1,c1,0.97
6629,c5,c5,0.46
6630,c5,c234,0.55
6631,c1,c1,0.23
6632,c234,c5,0.55
6633,c5,c234,0.17
6634,c234,c234,0.62
6635,c5,c5,0.41
6636,c5,c234,0.2
6637,c234,c1,0.84
6638,c5,c234,0.12
6639,c234,c234,0.3
6640,c234,c234,0.48
6641,c1,c234,0.33
6642,c234,c5,0.37
6643,c234,c5,0.49
6644,c1,c234,0.37
6645,c1,c1,0.22
6646,c234,c1,0.46
6647,c5,c234,0.62
6648,c1,c5,0.12
6649,c1,c234,0.53
6650,c5,c234,0.6
6651,c1,c234,0.23
6652,c5,c234,0.23
6653,c5,c234,0.68
6654,c5,c5,0.65
6655,c1,c5,0.49
6656,c234,c234,0.26
6657,c5,c5,0.26
6658,c234,c5,0.48
6659,c5,c1,0.54
6660,c5,c234,0.3
6661,c234,c5,0.49
6662,c234,c234,0.43
6663,c234,c234,0.38
6664,c234,c234,0.55
6665,c1,c234,0.42
6666,c1,c234,0.21
6667,c1,c1,0.12
6668,c234,c234,0.35
6669,c234,c234,0.63
6670,c1,c1,0.18
6671,c234,c5,0.76
6672,c234,c234,0.68
6673,c234,c1,0.53
6674,c5,c234,0.47
6675,c234,c5,0.49
6676,c5,c5,0.27
6677,c1,c234,0.36
6678,c1,c234,0.6
6679,c234,c5,0.5
6680,c1,c1,0.43
6681,c1,c1,0.81
6682,c5,c5,0.3
6683,c234,c234,0.56
6684,c1,c234,0.52
6685,c234,c1,0.06
6686,c1,c234,0.33
6687,c234,c5,0.52
6688,c5,c5,0.96
6689,c5,c234,0.7
6690,c234,c234,0.2
6691,c234,c5,0.24
6692,c234,c5,0.74
6693,c1,c1,0.51
6694,c5,c234,0.34
6695,c5,c1,0.97
6696,c1,c234,0.46
6697,c234,c234,0.47
6698,c5,c5,0.5
6699,c1,c5,0.33
6700,c234,c5,0.59
6701,c234,c234,0.46
6702,c1,c234,0.67
6703,c5,c5,0.62
6704,c5,c5,0.59
6705,c1,c234,0.51
6706,c5,c234,0.5
6707,c5,c5,0.2
6708,c1,c234,0.31
6709,c1,c234,0.34
6710,c234,c234,0.55
6711,c234,c5,0.76
6712,c234,c234,0.58
6713,c234,c234,0.82
6714,c1,c234,0.24
6715,c234,c1,0.39
6716,c234,c234,0.29
6717,c234,c1,0.49
6718,c5,c1,0.93
6719,c5,c234,0.35
6720,c5,c1,0.19
6721,c5,c5,0.84
6722,c1,c5,0.51
6723,c1,c234,0.21
6724,c234,c5,0.35
6725,c5,c234,0.32
6726,c1,c234,0.38
6727,c5,c234,0.2
6728,c234,c234,0.52
6729,c1,c234,0.63
6730,c5,c234,0.5
6731,c234,c1,0.23
6732,c5,c234,0.43
6733,c1,c5,0.36
6734,c5,c5,0.38
6735,c234,c234,0.64
6736,c1,c234,0.39
6737,c1,c1,0.92
6738,c5,c234,0.4
6739,c1,c234,0.59
6740,c1,c5,0.32
6741,c234,c5,0.43
6742,c1,c5,0.6
6743,c234,c234,0.32
6744,c234,c234,0.47
6745,c5,c234,0.28
6746,c1,c5,0.67
6747,c1,c234,0.74
6748,c1,c5,0.25
6749,c1,c1,0.66
6750,c5,c5,0.7
6751,c1,c1,0.37
6752,c5,c234,0.35
6753,c1,c234,0.27
6754,c234,c234,0.62
6755,c5,c5,0.72
6756,c1,c234,0.26
6757,c1,c5,0.31
6758,c234,c234,0.38
6759,c234,c234,0.44
6760,c1,c234,0.52
6761,c234,c5,0.14
6762,c5,c234,0.5
6763,c234,c234,0.49
6764,c5,c5,0.5
6765,c234,c234,0.53
6766,c1,c234,0.49
6767,c234,c5,0.32
6768,c1,c234,0.35
6769,c5,c234,0.46
6770,c234,c234,0.6
6771,c5,c5,0.56
6772,c5,c1,0.36
6773,c234,c5,0.77
6774,c5,c5,0.13
6775,c234,c234,0.22
6776,c234,c234,0.27
6777,c1,c234,0.36
6778,c1,c234,0.39
6779,c234,c234,0.2
6780,c5,c5,0.27
6781,c5,c234,0.15
6782,c5,c5,0.62
6783,c234,c1,0.41
6784,c5,c5,0.49
6785,c1,c234,0.33
6786,c234,c1,0.88
6787,c234,c234,0.37
6788,c234,c234,0.51
6789,c5,c1,0.46
6790,c1,c5,0.86
6791,c1,c5,0.68
6792,c234,c5,0.36
6793,c1,c234,0.34
6794,c1,c5,0.59
6795,c234,c234,0.63
6796,c234,c5,0.51
6797,c234,c1,0.35
6798,c234,c234,0.27
6799,c1,c1,0.86
6800,c5,c234,0.25
6801,c1,c234,0.62
6802,c1,c234,0.31
6803,c1,c234,0.44
6804,c5,c5,0.65
6805,c1,c234,0.22
6806,c234,c234,0.33
6807,c5,c5,0.44
6808,c5,c234,0.45
6809,c5,c5,0.36
6810,c5,c234,0.54
6811,c1,c1,0.5
6812,c234,c234,0.32
6813,c1,c1,0.28
6814,c5,c234,0.58
6815,c5,c5,0.43
6816,c234,c5,0.59
6817,c234,c234,0.35
6818,c234,c234,0.48
6819,c234,c234,0.32
6820,c5,c5,0.32
6821,c1,c234,0.2
6822,c234,c234,0.29
6823,c1,c5,0.35
6824,c1,c234,0.64
6825,c234,c234,0.29
6826,c1,c234,0.25
6827,c234,c5,0.82
6828,c1,c234,0.47
6829,c234,c1,0.46
6830,c1,c234,0.61
6831,c1,c5,0.04
6832,c5,c5,0.68
6833,c1,c1,0.23
6834,c1,c1,0.36
6835,c234,c234,0.15
6836,c234,c234,0.24
6837,c234,c5,0.74
6838,c5,c234,0.22
6839,c1,c234,0.22
6840,c1,c234,0.19
6841,c234,c5,0.23
6842,c234,c234,0.69
6843,c1,c234,0.25
6844,c234,c5,0.39
6845,c5,c5,0.17
6846,c234,c234,0.5
6847,c234,c234,0.64
6848,c234,c5,0.75
6849,c1,c234,0.53
6850,c1,c1,0.23
6851,c5,c5,0.51
6852,c1,c234,0.65
6853,c5,c234,0.29
6854,c1,c5,0.31
6855,c5,c5,0.83
6856,c5,c1,0.32
6857,c5,c234,0.42
6858,c1,c234,0.61
6859,c234,c5,0.47
6860,c1,c1,0.56
6861,c1,c234,0.34
6862,c234,c234,0.28
6863,c234,c5,0.21
6864,c5,c5,0.54
6865,c5,c5,0.22
6866,c5,c5,0.47
6867,c5,c234,0.66
6868,c234,c234,0.51
6869,c5,c234,0.41
6870,c1,c234,0.23
6871,c5,c234,0.5
6872,c234,c234,0.62
6873,c5,c5,0.73
6874,c5,c5,0.23
6875,c5,c234,0.28
6876,c5,c5,0.69
6877,c234,c5,0.61
6878,c1,c1,0.58
6879,c1,c234,0.39
6880,c5,c5,0.96
6881,c5,c5,0.69
6882,c5,c234,0.26
6883,c234,c5,0.12
6884,c5,c234,0.37
6885,c1,c5,0.23
6886,c234,c5,0.58
6887,c1,c5,0.6
6888,c5,c234,0.6
6889,c1,c1,0.25
6890,c5,c5,0.35
6891,c5,c5,0.43
6892,c1,c234,0.4
6893,c1,c1,0.27
6894,c1,c5,0.32
6895,c1,c1,0.68
6896,c234,c5,0.56
6897,c234,c5,0.24
6898,c5,c1,0.23
6899,c1,c1,0.43
6900,c234,c5,0.5
6901,c1,c1,0.45
6902,c5,c234,0.48
6903,c5,c234,0.21
6904,c234,c234,0.5
6905,c1,c234,0.23
6906,c234,c5,0.82
6907,c5,c234,0.53
6908,c5,c234,0.28
6909,c234,c234,0.34
6910,c1,c1,0.97
6911,c5,c5,0.31
6912,c1,c234,0.51
6913,c234,c1,0.56
6914,c5,c1,0.63
6915,c234,c234,0.54
6916,c1,c234,0.37
6917,c1,c1,0.42
6918,c1,c5,0.83
6919,c5,c5,0.33
6920,c234,c234,0.35
6921,c234,c5,0.63
6922,c1,c234,0.27
6923,c1,c1,0.7
6924,c5,c234,0.7
6925,c1,c234,0.46
6926,c5,c1,0.61
6927,c1,c234,0.26
6928,c1,c234,0.18
6929,c234,c5,0.38
6930,c234,c234,0.76
6931,c1,c1,0.98
6932,c5,c5,0.83
6933,c5,c1,0.27
6934,c234,c234,0.67
6935,c5,c234,0.18
6936,c234,c5,0.24
6937,c234,c1,0.39
6938,c5,c234,0.2
6939,c234,c234,0.73
6940,c5,c234,0.74
6941,c1,c5,0.39
6942,c234,c5,0.52
6943,c234,c5,0.83
6944,c1,c234,0.31
6945,c1,c234,0.27
6946,c1,c234,0.46
6947,c5,c5,0.3
6948,c5,c234,0.48
6949,c234,c234,0.41
6950,c5,c5,0.48
6951,c5,c5,0.77
6952,c5,c234,0.62
6953,c1,c234,0.59
6954,c234,c234,0.17
6955,c1,c234,0.44
6956,c234,c5,0.89
6957,c5,c234,0.77
6958,c234,c1,0.83
6959,c1,c234,0.24
6960,c5,c5,0.36
6961,c1,c1,0.34
6962,c5,c234,0.38
6963,c5,c234,0.48
6964,c1,c1,0.69
6965,c1,c234,0.39
6966,c234,c234,0.31
6967,c234,c234,0.32
6968,c5,c5,0.74
6969,c1,c234,0.15
6970,c234,c234,0.37
6971,c1,c234,0.23
6972,c5,c234,0.4
6973,c1,c234,0.27
6974,c234,c5,0.81
6975,c1,c234,0.34
6976,c1,c5,0.68
6977,c234,c234,0.32
6978,c1,c1,0.99
6979,c5,c234,0.17
6980,c5,c234,0.58
6981,c1,c1,0.18
6982,c5,c5,0.83
6983,c1,c234,0.29
6984,c234,c5,0.59
6985,c234,c1,0.27
6986,c5,c5,0.9
6987,c5,c234,0.58
6988,c1,c234,0.5
6989,c234,c234,0.3
6990,c5,c5,0.3
6991,c1,c234,0.26
6992,c1,c1,0.65
6993,c1,c5,0.08
6994,c234,c5,0.5
6995,c5,c5,0.62
6996,c234,c234,0.31
6997,c5,c5,0.61
6998,c5,c234,0.13
6999,c1,c234,0.29
7000,c5,c1,0.7
7001,c5,c234,0.17
7002,c5,c5,0.38
7003,c5,c5,0.35
7004,c1,c234,0.55
7005,c5,c234,0.29
7006,c1,c234,0.46
7007,c5,c5,0.34
7008,c234,c234,0.52
7009,c234,c5,0.9
7010,c1,c5,0.4
7011,c5,c1,0.21
7012,c5,c234,0.6
7013,c234,c234,0.52
7014,c5,c234,0.23
7015,c1,c234,0.39
7016,c234,c234,0.41
7017,c5,c234,0.42
7018,c1,c234,0.28
7019,c5,c5,0.35
7020,c5,c5,0.66
7021,c234,c234,0.46
7022,c5,c234,0.33
7023,c5,c234,0.11
7024,c5,c1,0.3
7025,c234,c1,0.95
7026,c1,c234,0.46
7027,c234,c5,0.73
7028,c1,c234,0.47
7029,c5,c1,0.69
7030,c1,c234,0.37
7031,c1,c5,0.57
7032,c234,c5,0.35
7033,c1,c234,0.26
7034,c1,c234,0.74
7035,c5,c1,0.3
7036,c1,c234,0.75
7037,c5,c5,0.17
7038,c234,c234,0.24
7039,c5,c5,0.22
7040,c1,c234,0.42
7041,c5,c5,0.36
7042,c1,c234,0.35
7043,c1,c234,0.5
7044,c5,c234,0.32
7045,c1,c234,0.49
7046,c234,c5,0.34
7047,c1,c5,0.11
7048,c1,c234,0.43
7049,c234,c234,0.6
7050,c234,c1,0.46
7051,c5,c5,0.28
7052,c5,c1,0.42
7053,c234,c5,0.84
7054,c234,c234,0.26
7055,c5,c234,0.24
7056,c234,c234,0.36
7057,c234,c5,0.67
7058,c1,c1,0.76
7059,c234,c234,0.31
7060,c234,c234,0.56
7061,c5,c234,0.16
7062,c5,c234,0.26
7063,c1,c5,0.21
7064,c234,c234,0.55
7065,c5,c5,0.44
7066,c5,c234,0.44
7067,c5,c5,0.74
7068,c234,c234,0.41
7069,c1,c234,0.24
7070,c5,c5,0.9
7071,c234,c234,0.3
7072,c234,c234,0.47
7073,c234,c1,0.97
7074,c1,c234,0.4
7075,c1,c234,0.46
7076,c1,c5,0.41
7077,c234,c5,0.42
7078,c234,c5,0.35
7079,c5,c234,0.45
7080,c234,c5,0.87
7081,c234,c234,0.47
7082,c5,c5,0.32
7083,c5,c5,0.31
7084,c1,c5,0.36
7085,c234,c234,0.52
7086,c5,c5,0.52
7087,c234,c5,0.59
7088,c1,c234,0.39
7089,c1,c234,0.45
7090,c5,c5,0.49
7091,c5,c5,0.77
7092,c234,c234,0.18
7093,c234,c234,0.55
7094,c234,c234,0.64
7095,c234,c234,0.4
7096,c1,c234,0.35
7097,c1,c234,0.4
7098,c234,c1,0.55
7099,c5,c5,0.92
7100,c1,c234,0.59
7101,c234,c1,0.9
7102,c1,c1,0.33
7103,c234,c234,0.47
7104,c5,c1,0.28
7105,c5,c234,0.47
7106,c234,c5,0.43
7107,c234,c234,0.29
7108,c5,c234,0.49
7109,c5,c5,0.81
7110,c234,c5,0.31
7111,c234,c234,0.36
7112,c234,c234,0.29
7113,c1,c234,0.25
7114,c5,c234,0.45
7115,c234,c234,0.58
7116,c5,c5,0.91
7117,c234,c5,0.18
7118,c234,c5,0.53
7119,c5,c234,0.41
7120,c1,c234,0.55
7121,c234,c5,0.53
7122,c5,c234,0.35
7123,c1,c234,0.18
7124,c5,c5,0.41
7125,c5,c234,0.15
7126,c5,c5,0.27
7127,c5,c5,0.27
7128,c234,c234,0.49
7129,c1,c5,0.49
7130,c234,c5,0.47
7131,c5,c234,0.49
7132,c5,c234,0.11
7133,c1,c234,0.38
7134,c1,c234,0.48
7135,c234,c1,0.63
7136,c234,c5,0.29
7137,c1,c234,0.57
7138,c1,c1,0.37
7139,c234,c234,0.54
7140,c5,c5,0.57
7141,c5,c5,0.45
7142,c1,c5,0.28
7143,c1,c5,0.82
7144,c234,c234,0.59
7145,c5,c234,0.26
7146,c5,c234,0.23
7147,c1,c234,0.49
7148,c1,c5,0.75
7149,c234,c234,0.42
7150,c5,c5,0.3
7151,c1,c5,0.54
7152,c1,c234,0.17
7153,c1,c5,0.32
7154,c1,c5,0.62
7155,c234,c5,0.23
7156,c1,c234,0.47
7157,c5,c5,0.85
7158,c1,c234,0.32
7159,c1,c234,0.28
7160,c1,c1,0.48
7161,c5,c5,0.71
7162,c234,c5,0.47
7163,c5,c234,0.61
7164,c234,c5,0.34
7165,c5,c234,0.59
7166,c234,c234,0.46
7167,c1,c1,0.28
7168,c234,c234,0.36
7169,c1,c1,0.2
7170,c5,c234,0.57
7171,c234,c5,0.4
7172,c234,c234,0.24
7173,c5,c1,0.93
7174,c234,c234,0.33
7175,c234,c1,0.5
7176,c234,c234,0.37
7177,c234,c234,0.28
7178,c234,c5,0.64
7179,c5,c234,0.61
7180,c234,c5,0.3
7181,c234,c234,0.8
7182,c234,c234,0.27
7183,c5,c1,0.41
7184,c234,c234,0.57
7185,c234,c1,0.83
7186,c5,c5,0.18
7187,c1,c5,0.3
7188,c1,c234,0.56
7189,c1,c5,0.41
7190,c1,c5,0.49
7191,c1,c5,0.3
7192,c234,c234,0.29
7193,c1,c234,0.72
7194,c5,c5,0.71
7195,c234,c234,0.19
7196,c5,c234,0.32
7197,c5,c1,0.27
7198,c1,c234,0.43
7199,c234,c5,0.63
7200,c5,c5,0.54
7201,c234,c234,0.16
7202,c234,c234,0.3
7203,c5,c234,0.41
7204,c5,c5,0.41
7205,c234,c5,0.62
7206,c5,c5,0.8
7207,c1,c234,0.57
7208,c1,c5,0.73
7209,c1,c1,0.47
7210,c5,c5,0.7
7211,c5,c5,0.36
7212,c5,c234,0.76
7213,c1,c1,0.28
7214,c234,c5,0.75
7215,c1,c234,0.72
7216,c5,c5,0.36
7217,c234,c234,0.76
7218,c1,c234,0.52
7219,c1,c234,0.5
7220,c234,c234,0.32
7221,c234,c234,0.28
7222,c1,c5,0.13
7223,c5,c5,0.7
7224,c234,c234,0.58
7225,c234,c234,0.44
7226,c234,c234,0.66
7227,c234,c234,0.31
7228,c5,c1,0.3
7229,c234,c5,0.3
7230,c5,c234,0.54
7231,c234,c234,0.55
7232,c234,c234,0.57
7233,c1,c234,0.2
7234,c234,c5,0.24
7235,c234,c234,0.51
7236,c234,c234,0.7
7237,c5,c1,0.96
7238,c1,c234,0.31
7239,c5,c5,0.88
7240,c1,c234,0.62
7241,c5,c5,0.79
7242,c5,c1,0.53
7243,c1,c234,0.72
7244,c5,c5,0.77
7245,c5,c5,0.42
7246,c1,c234,0.76
7247,c234,c234,0.59
7248,c1,c234,0.23
7249,c5,c234,0.52
7250,c234,c234,0.6
7251,c5,c1,0.16
7252,c234,c5,0.67
7253,c1,c5,0.62
7254,c1,c234,0.35
7255,c5,c234,0.31
7256,c1,c234,0.38
7257,c5,c234,0.35
7258,c234,c1,0.22
7259,c5,c234,0.27
7260,c234,c1,0.27
7261,c234,c234,0.25
7262,c234,c234,0.5
7263,c234,c234,0.31
7264,c234,c1,0.72
7265,c234,c234,0.36
7266,c1,c234,0.49
7267,c5,c234,0.34
7268,c234,c234,0.16
7269,c1,c1,0.43
7270,c5,c234,0.59
7271,c5,c5,0.79
7272,c234,c234,0.3
7273,c1,c234,0.51
7274,c5,c234,0.43
7275,c234,c234,0.54
7276,c1,c1,0.55
7277,c5,c234,0.37
7278,c5,c5,0.83
7279,c5,c1,0.29
7280,c5,c5,0.61
7281,c234,c234,0.5
7282,c234,c5,0.46
7283,c234,c234,0.65
7284,c234,c234,0.15
7285,c5,c1,0.3
7286,c5,c1,0.58
7287,c234,c1,0.45
7288,c234,c234,0.25
7289,c234,c234,0.66
7290,c5,c234,0.73
7291,c234,c234,0.49
7292,c1,c234,0.44
7293,c5,c5,0.42
7294,c234,c234,0.63
7295,c5,c5,0.89
7296,c5,c1,0.84
7297,c1,c234,0.3
7298,c5,c5,0.78
7299,c1,c234,0.63
7300,c234,c5,0.75
7301,c1,c234,0.27
7302,c5,c234,0.26
7303,c1,c234,0.6
7304,c234,c5,0.51
7305,c234,c234,0.26
7306,c5,c1,0.17
7307,c1,c234,0.43
7308,c5,c1,0.06
7309,c5,c1,0.97
7310,c5,c5,0.8
7311,c1,c234,0.38
7312,c5,c234,0.32
7313,c1,c5,0.32
7314,c234,c234,0.23
7315,c1,c1,0.52
7316,c234,c5,0.75
7317,c1,c5,0.51
7318,c234,c5,0.24
7319,c5,c5,0.51
7320,c1,c5,0.43
7321,c1,c234,0.43
7322,c1,c1,0.37
7323,c5,c5,0.25
7324,c234,c234,0.3
7325,c234,c234,0.65
7326,c234,c234,0.45
7327,c234,c234,0.25
7328,c234,c234,0.42
7329,c1,c234,0.33
7330,c5,c5,0.43
7331,c1,c234,0.14
7332,c234,c1,0.29
7333,c234,c5,0.61
7334,c5,c234,0.33
7335,c1,c234,0.51
7336,c234,c5,0.28
7337,c234,c234,0.78
7338,c5,c234,0.34
7339,c234,c5,0.92
7340,c5,c1,0.73
7341,c5,c5,0.32
7342,c1,c234,0.25
7343,c5,c5,0.45
7344,c234,c234,0.62
7345,c234,c234,0.34
7346,c234,c5,0.3
7347,c5,c5,0.92
7348,c5,c5,0.19
7349,c1,c5,0.8
7350,c5,c234,0.63
7351,c1,c5,0.33
7352,c234,c5,0.33
7353,c234,c5,0.76
7354,c5,c5,0.64
7355,c234,c234,0.52
7356,c5,c234,0.71
7357,c5,c234,0.42
7358,c5,c1,0.34
7359,c1,c5,0.41
7360,c1,c234,0.36
7361,c1,c5,0.76
7362,c5,c234,0.3
7363,c1,c234,0.64
7364,c5,c5,0.51
7365,c234,c5,0.54
7366,c5,c5,0.85
7367,c1,c234,0.22
7368,c5,c234,0.18
7369,c5,c234,0.19
7370,c5,c5,0.59
7371,c234,c5,0.57
7372,c5,c1,0.51
7373,c234,c234,0.38
7374,c5,c5,0.64
7375,c234,c234,0.76
7376,c1,c234,0.56
7377,c234,c1,0.9
7378,c1,c234,0.64
7379,c1,c234,0.45
7380,c1,c234,0.56
7381,c1,c5,0.25
7382,c234,c234,0.6
7383,c5,c5,0.77
7384,c234,c234,0.24
7385,c5,c234,0.28
7386,c5,c234,0.47
7387,c1,c234,0.23
7388,c234,c234,0.53
7389,c234,c234,0.52
7390,c1,c234,0.28
7391,c1,c234,0.31
7392,c1,c234,0.36
7393,c234,c1,0.32
7394,c5,c5,0.39
7395,c1,c234,0.47
7396,c234,c234,0.66
7397,c234,c5,0.41
7398,c1,c234,0.43
7399,c234,c1,0.23
7400,c1,c234,0.72
7401,c5,c5,0.75
7402,c5,c234,0.51
7403,c234,c234,0.48
7404,c1,c234,0.16
7405,c234,c234,0.4
7406,c5,c5,0.86
7407,c5,c5,0.49
7408,c1,c5,0.48
7409,c1,c234,0.39
7410,c1,c234,0.58
7411,c1,c234,0.58
7412,c1,c5,0.73
7413,c5,c234,0.41
7414,c5,c234,0.49
7415,c1,c5,0.77
7416,c234,c5,0.67
7417,c1,c234,0.28
7418,c5,c234,0.38
7419,c5,c234,0.31
7420,c1,c5,0.57
7421,c5,c234,0.14
7422,c234,c1,0.64
7423,c1,c234,0.38
7424,c1,c234,0.3
7425,c234,c234,0.4
7426,c1,c234,0.44
7427,c234,c234,0.27
7428,c5,c5,0.55
7429,c5,c234,0.25
7430,c5,c5,0.68
7431,c234,c234,0.25
7432,c5,c234,0.47
7433,c1,c234,0.41
7434,c1,c234,0.53
7435,c234,c234,0.56
7436,c1,c234,0.34
7437,c5,c5,0.32
7438,c5,c234,0.71
7439,c234,c234,0.63
7440,c1,c234,0.62
7441,c5,c234,0.27
7442,c5,c234,0.38
7443,c1,c5,0.35
7444,c234,c5,0.73
7445,c234,c234,0.7
7446,c234,c234,0.55
7447,c1,c5,0.94
7448,c5,c234,0.23
7449,c5,c5,0.75
7450,c1,c234,0.47
7451,c5,c5,0.55
7452,c1,c5,0.26
7453,c234,c234,0.58
7454,c1,c234,0.58
7455,c1,c1,0.34
7456,c5,c234,0.33
7457,c5,c1,0.63
7458,c5,c234,0.5
7459,c5,c234,0.57
7460,c1,c5,0.69
7461,c234,c234,0.47
7462,c5,c5,0.25
7463,c5,c234,0.67
7464,c234,c5,0.63
7465,c1,c234,0.38
7466,c1,c234,0.48
7467,c5,c234,0.53
7468,c1,c5,0.61
7469,c234,c234,0.28
7470,c5,c5,0.46
7471,c234,c5,0.22
7472,c1,c1,0.16
7473,c1,c234,0.36
7474,c1,c1,0.73
7475,c234,c234,0.34
7476,c1,c234,0.18
7477,c1,c5,0.42
7478,c5,c234,0.34
7479,c5,c234,0.59
7480,c234,c5,0.62
7481,c234,c5,0.65
7482,c234,c234,0.51
7483,c5,c234,0.24
7484,c1,c1,0.39
7485,c5,c234,0.37
7486,c1,c234,0.29
7487,c234,c234,0.67
7488,c1,c1,0.15
7489,c234,c5,0.3
7490,c234,c5,0.44
7491,c234,c234,0.36
7492,c234,c234,0.49
7493,c1,c5,0.25
7494,c5,c5,0.35
7495,c1,c234,0.5
7496,c1,c234,0.5
7497,c1,c1,0.18
7498,c1,c5,0.28
7499,c234,c1,0.41
7500,c1,c234,0.64
7501,c234,c5,0.28
7502,c234,c5,0.32
